species,presence_categories,origin_categories,seasonal_categories
Abeillia abeillei,1,1,1
Aburria aburri,1,1,1
Acanthidops bairdi,1,1,1
Accipiter bicolor,1,1,1
Accipiter collaris,1,1,1
Accipiter cooperii,1,1,3
Accipiter poliogaster,1,1,1
Accipiter striatus,1,1,"1, 3"
Accipiter superciliosus,1,1,1
Acrobatornis fonsecai,1,1,1
Acropternis orthonyx,1,1,1
Actitis macularius,1,1,3
Adelomyia melanogenys,1,1,1
Aechmophorus clarkii,1,1,1
Aechmophorus occidentalis,1,1,1
Aegolius acadicus,1,1,1
Aegolius harrisii,1,1,1
Aegolius ridgwayi,1,1,1
Aeronautes andecolus,1,1,1
Aeronautes montivagus,1,1,1
Aeronautes saxatalis,1,1,1
Agamia agami,1,1,1
Agelaioides badius,1,1,1
Agelaioides fringillarius,1,1,1
Agelaius phoeniceus,1,1,1
Agelasticus thilius,1,1,"1, 3"
Agelasticus xanthophthalmus,1,1,1
Aglaeactis castelnaudii,1,1,1
Aglaeactis cupripennis,1,1,1
Aglaiocercus coelestis,"1, 3",1,1
Aglaiocercus kingii,1,1,1
Agriornis albicauda,1,1,1
Agriornis micropterus,1,1,3
Agriornis montanus,1,1,1
Agriornis murinus,1,1,3
Aimophila notosticta,1,1,1
Aimophila rufescens,1,1,1
Aimophila ruficeps,1,1,1
Aix sponsa,1,1,3
Akletos goeldii,1,1,1
Akletos melanoceps,1,1,1
Alectrurus risora,"1, 3, 4",1,1
Alectrurus tricolor,"1, 4",1,1
Alipiopsitta xanthops,1,1,1
Alopochelidon fucata,1,1,"1, 5"
Amaurolimnas concolor,"3, 1",1,1
Amaurospiza moesta,1,1,1
Amazilia alfaroana,1,1,1
Amazilia amabilis,1,1,1
Amazilia amazilia,1,1,1
Amazilia bartletti,1,1,1
Amazilia beryllina,1,1,1
Amazilia boucardi,1,1,1
Amazilia brevirostris,1,1,1
Amazilia candida,1,1,"3, 1"
Amazilia chionogaster,1,1,1
Amazilia chrysura,1,1,1
Amazilia coeruleogularis,1,1,1
Amazilia cupreicauda,1,1,1
Amazilia cyanocephala,1,1,1
Amazilia cyanura,1,1,1
Amazilia cyanus,1,1,1
Amazilia decora,1,1,1
Amazilia edward,1,1,1
Amazilia eliciae,1,1,1
Amazilia fimbriata,1,1,1
Amazilia franciae,1,1,1
Amazilia goudoti,1,1,1
Amazilia grayi,1,1,1
Amazilia humboldtii,1,1,1
Amazilia julie,1,1,1
Amazilia lactea,1,1,1
Amazilia leucogaster,1,1,1
Amazilia lilliae,3,1,1
Amazilia luciae,"1, 3",1,1
Amazilia oenone,1,1,1
Amazilia rosenbergi,1,1,1
Amazilia rutila,1,1,1
Amazilia sapphirina,1,1,1
Amazilia saucerottei,1,1,1
Amazilia tobaci,1,1,1
Amazilia tzacatl,1,1,1
Amazilia versicolor,1,1,1
Amazilia violiceps,1,1,3
Amazilia viridicauda,1,1,1
Amazilia viridifrons,1,1,1
Amazilia viridigaster,1,1,1
Amazilia yucatanensis,1,1,1
Amazona aestiva,1,1,1
Amazona albifrons,1,1,1
Amazona amazonica,1,1,1
Amazona auropalliata,1,1,1
Amazona autumnalis,1,1,1
Amazona barbadensis,3,1,1
Amazona bodini,1,1,1
Amazona brasiliensis,1,1,1
Amazona diadema,1,1,1
Amazona dufresniana,1,1,1
Amazona farinosa,1,1,1
Amazona festiva,1,1,1
Amazona guatemalae,1,1,1
Amazona kawalli,1,1,1
Amazona lilacina,1,1,1
Amazona mercenarius,1,1,1
Amazona ochrocephala,1,1,1
Amazona oratrix,"1, 4, 3",1,1
Amazona pretrei,"1, 4",1,"2, 3, 1"
Amazona rhodocorytha,"4, 1",1,1
Amazona vinacea,"1, 4, 3",1,1
Amazona viridigenalis,"1, 4",1,1
Amazona xantholora,"3, 1",1,1
Amazonetta brasiliensis,1,1,1
Amblycercus holosericeus,1,1,1
Amblyramphus holosericeus,1,1,1
Ammodramus aurifrons,1,1,1
Ammodramus humeralis,1,1,1
Ammodramus savannarum,1,1,"3, 1"
Ammonastes pelzelni,1,1,1
Ampelioides tschudii,1,1,1
Ampelion rubrocristatus,1,1,1
Ampelion rufaxilla,1,1,1
Amphispiza bilineata,1,1,1
Anabacerthia amaurotis,1,1,1
Anabacerthia lichtensteini,1,1,1
Anabacerthia ruficaudata,1,1,1
Anabacerthia striaticollis,1,1,1
Anabacerthia variegaticeps,1,1,1
Anabazenops dorsalis,1,1,1
Anabazenops fuscus,1,1,1
Anairetes flavirostris,1,1,1
Anairetes parulus,1,1,1
Anas acuta,1,1,3
Anas andium,1,1,1
Anas bahamensis,1,1,1
Anas carolinensis,1,1,3
Anas flavirostris,1,1,1
Anas fulvigula,1,1,"1, 3"
Anas georgica,1,1,1
Anas platyrhynchos,1,1,3
Ancistrops strigilatus,1,1,1
Andigena cucullata,1,1,1
Andigena hypoglauca,1,1,1
Andigena laminirostris,1,1,1
Andigena nigrirostris,1,1,1
Androdon aequatorialis,1,1,1
Anhima cornuta,1,1,1
Anhinga anhinga,1,1,1
Anisognathus flavinucha,1,1,1
Anisognathus igniventris,1,1,1
Anisognathus lacrymosus,1,1,1
Anisognathus lunulatus,1,1,1
Anisognathus notabilis,1,1,1
Anisognathus somptuosus,1,1,1
Anodorhynchus glaucus,4,1,1
Anodorhynchus hyacinthinus,"4, 1, 3",1,1
Anous minutus,1,1,3
Anous stolidus,1,1,"1, 3"
Anser albifrons,1,1,"4, 3"
Anser caerulescens,1,1,3
Anthracothorax nigricollis,"1, 3",1,1
Anthracothorax prevostii,1,1,"1, 4"
Anthracothorax veraguensis,1,1,1
Anthracothorax viridigula,1,1,1
Anthus bogotensis,1,1,1
Anthus chacoensis,1,1,1
Anthus correndera,1,1,1
Anthus furcatus,1,1,1
Anthus hellmayri,1,1,1
Anthus lutescens,1,1,1
Anthus nattereri,"3, 1",1,1
Anthus rubescens,1,1,3
Anthus spragueii,1,1,3
Antilophia galeata,1,1,1
Antrostomus arizonae,1,1,1
Antrostomus badius,1,1,"1, 3"
Antrostomus carolinensis,1,1,3
Antrostomus ridgwayi,1,1,1
Antrostomus rufus,1,1,"1, 4"
Antrostomus salvini,1,1,1
Antrostomus saturatus,1,1,1
Antrostomus sericocaudatus,1,1,1
Antrostomus vociferus,1,1,3
Anumara forbesi,1,1,1
Anumbius annumbi,1,1,1
Aphanotriccus audax,1,1,1
Aphanotriccus capitalis,"3, 1",1,1
Aphantochroa cirrochloris,1,1,1
Aphelocoma californica,1,1,1
Aphelocoma ultramarina,1,1,1
Aphelocoma unicolor,1,1,1
Aphelocoma wollweberi,1,1,1
Aprositornis disjuncta,1,1,1
Aquila chrysaetos,1,1,1
Ara ambiguus,"4, 1, 3",1,1
Ara ararauna,"1, 3",1,1
Ara chloropterus,1,1,1
Ara glaucogularis,1,1,1
Ara macao,"4, 1",1,1
Ara militaris,"4, 1, 3",1,1
Ara severus,1,1,1
Aramides albiventris,1,1,1
Aramides axillaris,1,1,1
Aramides cajaneus,1,1,1
Aramides calopterus,1,1,1
Aramides mangle,1,1,1
Aramides saracura,1,1,1
Aramides wolfi,1,1,1
Aramides ypecaha,1,1,1
Aramus guarauna,1,1,1
Aratinga auricapillus,"1, 3",1,1
Aratinga jandaya,1,1,1
Aratinga maculata,1,1,1
Aratinga solstitialis,"1, 4",1,1
Aratinga weddellii,1,1,1
Archilochus alexandri,1,1,4
Archilochus colubris,1,1,"3, 4"
Ardea alba,1,1,"1, 3"
Ardea cocoi,1,1,1
Ardea herodias,1,1,"3, 1"
Ardea occidentalis,3,1,1
Ardenna bulleri,1,1,1
Ardenna creatopus,1,1,1
Ardenna gravis,1,1,3
Ardenna grisea,1,1,3
Arenaria interpres,1,1,3
Arremon abeillei,1,1,1
Arremon assimilis,1,1,1
Arremon atricapillus,1,1,1
Arremon aurantiirostris,1,1,1
Arremon axillaris,1,1,1
Arremon brunneinucha,1,1,1
Arremon castaneiceps,1,1,1
Arremon costaricensis,1,1,1
Arremon crassirostris,1,1,1
Arremon dorbignii,1,1,1
Arremon flavirostris,1,1,1
Arremon franciscanus,1,1,1
Arremon perijanus,1,1,1
Arremon schlegeli,1,1,1
Arremon semitorquatus,1,1,1
Arremon taciturnus,1,1,1
Arremonops chloronotus,1,1,1
Arremonops conirostris,1,1,1
Arremonops rufivirgatus,1,1,1
Arremonops tocuyensis,1,1,1
Arundinicola leucocephala,1,1,1
Asemospiza fuliginosa,1,1,1
Asemospiza obscura,1,1,1
Asio clamator,1,1,1
Asio flammeus,1,1,"3, 1"
Asio otus,1,1,3
Asio stygius,1,1,1
Aspatha gularis,1,1,1
Asthenes ayacuchensis,1,1,1
Asthenes flammulata,1,1,1
Asthenes fuliginosa,1,1,1
Asthenes helleri,1,1,1
Asthenes humilis,1,1,1
Asthenes luizae,1,1,1
Asthenes maculicauda,1,1,1
Asthenes modesta,1,1,1
Asthenes moreirae,1,1,1
Asthenes ottonis,1,1,1
Asthenes palpebralis,1,1,1
Asthenes pyrrholeuca,1,1,3
Asthenes urubambensis,1,1,1
Asthenes vilcabambae,1,1,1
Asthenes virgata,1,1,1
Asthenes wyatti,1,1,1
Atalotriccus pilaris,1,1,1
Athene cunicularia,1,1,"3, 1"
Atlapetes albofrenatus,1,1,1
Atlapetes canigenis,1,1,1
Atlapetes crassus,1,1,1
Atlapetes flaviceps,1,1,1
Atlapetes latinuchus,1,1,1
Atlapetes leucopis,1,1,1
Atlapetes leucopterus,1,1,1
Atlapetes melanolaemus,1,1,1
Atlapetes melanopsis,1,1,1
Atlapetes nigrifrons,1,1,1
Atlapetes pallidinucha,1,1,1
Atlapetes personatus,1,1,1
Atlapetes pileatus,1,1,1
Atlapetes schistaceus,1,1,1
Atlapetes semirufus,1,1,1
Atlapetes taczanowskii,1,1,1
Atlapetes terborghi,1,1,1
Atlapetes tricolor,1,1,1
Atthis ellioti,1,1,1
Atthis heloisa,1,1,1
Atticora fasciata,1,1,1
Atticora pileata,1,1,1
Atticora tibialis,1,1,1
Attila bolivianus,1,1,1
Attila cinnamomeus,1,1,1
Attila citriniventris,1,1,1
Attila phoenicurus,1,1,"2, 3, 4"
Attila rufus,1,1,1
Attila spadiceus,1,1,1
Attila torridus,"3, 4, 1",1,1
Augastes scutatus,1,1,1
Aulacorhynchus albivitta,1,1,1
Aulacorhynchus atrogularis,1,1,1
Aulacorhynchus caeruleogularis,1,1,1
Aulacorhynchus calorhynchus,1,1,1
Aulacorhynchus coeruleicinctis,1,1,1
Aulacorhynchus cyanolaemus,1,1,1
Aulacorhynchus derbianus,1,1,1
Aulacorhynchus haematopygus,1,1,1
Aulacorhynchus huallagae,1,1,1
Aulacorhynchus prasinus,1,1,1
Aulacorhynchus whitelianus,1,1,1
Auriparus flaviceps,1,1,1
Automolus infuscatus,1,1,1
Automolus lammi,1,1,1
Automolus leucophthalmus,1,1,1
Automolus melanopezus,1,1,1
Automolus ochrolaemus,1,1,1
Automolus paraensis,1,1,1
Automolus rufipileatus,1,1,1
Automolus subulatus,1,1,1
Automolus virgatus,1,1,1
Avocettula recurvirostris,1,1,1
Aythya affinis,1,1,3
Aythya americana,1,1,3
Aythya collaris,1,1,3
Aythya valisineria,1,1,3
Baeolophus atricristatus,1,1,1
Baeolophus wollweberi,1,1,1
Bangsia arcaei,1,1,1
Bangsia edwardsi,1,1,1
Bangsia flavovirens,1,1,1
Bangsia rothschildi,1,1,1
Bartramia longicauda,1,1,"4, 3"
Baryphthengus martii,1,1,1
Baryphthengus ruficapillus,1,1,1
Basileuterus auricapilla,1,1,1
Basileuterus belli,1,1,1
Basileuterus cabanisi,1,1,1
Basileuterus culicivorus,1,1,1
Basileuterus hypoleucus,1,1,1
Basileuterus ignotus,1,1,1
Basileuterus lachrymosus,1,1,1
Basileuterus melanogenys,1,1,1
Basileuterus rufifrons,1,1,1
Basileuterus tristriatus,1,1,1
Basilinna leucotis,1,1,1
Batara cinerea,1,1,1
Berlepschia rikeri,1,1,1
Biatas nigropectus,"1, 3, 4",1,1
Boissonneaua flavescens,1,1,1
Boissonneaua jardini,1,1,1
Boissonneaua matthewsii,1,1,1
Bolborhynchus lineola,1,1,1
Bolborhynchus orbygnesius,1,1,1
Bombycilla cedrorum,1,1,3
Botaurus lentiginosus,"4, 1",1,3
Botaurus pinnatus,1,1,1
Brachygalba albogularis,1,1,1
Brachygalba lugubris,1,1,1
Brachygalba salmoni,1,1,1
Branta hutchinsii,1,1,"4, 3"
Brotogeris chiriri,1,1,1
Brotogeris chrysoptera,1,1,1
Brotogeris cyanoptera,1,1,1
Brotogeris jugularis,1,1,1
Brotogeris pyrrhoptera,1,1,1
Brotogeris sanctithomae,1,1,1
Brotogeris tirica,1,1,1
Brotogeris versicolurus,1,"1, 3",1
Bubo magellanicus,1,1,1
Bubo virginianus,1,1,1
Bubulcus ibis,1,1,"2, 1"
Bucco capensis,1,1,1
Bucephala albeola,1,1,3
Bucephala clangula,1,1,3
Bulweria bulwerii,1,1,1
Burhinus bistriatus,1,1,1
Burhinus superciliaris,1,1,1
Busarellus nigricollis,1,1,1
Buteo albigula,1,1,"1, 4"
Buteo albonotatus,1,1,"3, 2, 1"
Buteo brachyurus,1,1,1
Buteo jamaicensis,1,1,"1, 3"
Buteo lineatus,1,1,3
Buteo nitidus,1,1,1
Buteo plagiatus,1,1,1
Buteo platypterus,1,1,"4, 3"
Buteo regalis,1,1,3
Buteo swainsoni,1,1,"3, 4"
Buteogallus aequinoctialis,1,1,1
Buteogallus anthracinus,1,1,1
Buteogallus coronatus,1,1,1
Buteogallus lacernulatus,"4, 1",1,1
Buteogallus meridionalis,1,1,1
Buteogallus schistaceus,1,1,1
Buteogallus solitarius,1,1,1
Buteogallus urubitinga,1,1,1
Buthraupis montana,1,1,1
Butorides striata,1,1,"3, 1"
Cacicus cela,1,1,1
Cacicus chrysonotus,1,1,1
Cacicus chrysopterus,1,1,1
Cacicus flavicrissus,1,1,1
Cacicus haemorrhous,1,1,1
Cacicus koepckeae,1,1,1
Cacicus latirostris,1,1,1
Cacicus leucoramphus,1,1,1
Cacicus microrhynchus,1,1,1
Cacicus oseryi,1,1,1
Cacicus pacificus,1,1,1
Cacicus sclateri,1,1,1
Cacicus solitarius,1,1,1
Cacicus uropygialis,1,1,1
Cairina moschata,1,1,1
Calamospiza melanocorys,1,1,3
Calidris alba,1,1,3
Calidris alpina,1,1,3
Calidris bairdii,1,1,"3, 4"
Calidris canutus,1,1,"4, 3"
Calidris fuscicollis,1,1,"3, 4"
Calidris himantopus,1,1,"3, 4"
Calidris mauri,1,1,3
Calidris melanotos,1,1,"4, 3"
Calidris minutilla,1,1,"3, 4"
Calidris pusilla,1,1,"3, 4"
Calidris subruficollis,1,1,"3, 4"
Calidris virgata,1,1,3
Callipepla squamata,1,1,1
Calliphlox amethystina,1,1,1
Calliphlox bryantae,1,1,1
Calliphlox mitchellii,1,1,1
Callonetta leucophrys,1,1,1
Calochaetes coccineus,1,1,1
Calonectris borealis,1,1,1
Calonectris diomedea,1,1,1
Calonectris edwardsii,1,1,1
Calothorax lucifer,1,1,"2, 4"
Calothorax pulcher,1,1,1
Calyptura cristata,"1, 3, 4",1,1
Campephilus gayaquilensis,1,1,1
Campephilus guatemalensis,1,1,1
Campephilus haematogaster,1,1,1
Campephilus imperialis,4,1,1
Campephilus leucopogon,1,1,1
Campephilus melanoleucos,1,1,1
Campephilus pollens,1,1,1
Campephilus robustus,1,1,1
Campephilus rubricollis,1,1,1
Campephilus splendens,1,1,1
Camptostoma imberbe,1,1,1
Camptostoma obsoletum,1,1,1
Campylopterus calcirupicola,1,1,1
Campylopterus curvipennis,1,1,1
Campylopterus cuvierii,1,1,1
Campylopterus diamantinensis,1,1,1
Campylopterus duidae,1,1,1
Campylopterus falcatus,1,1,1
Campylopterus hemileucurus,1,1,1
Campylopterus hyperythrus,1,1,1
Campylopterus largipennis,1,1,1
Campylopterus rufus,1,1,1
Campylopterus villaviscensio,1,1,1
Campylorhamphus falcularius,1,1,1
Campylorhamphus multostriatus,1,1,1
Campylorhamphus probatus,1,1,1
Campylorhamphus procurvoides,"3, 1",1,1
Campylorhamphus pusillus,1,1,1
Campylorhamphus trochilirostris,1,1,1
Campylorhynchus albobrunneus,1,1,1
Campylorhynchus brunneicapillus,1,1,1
Campylorhynchus capistratus,1,1,1
Campylorhynchus chiapensis,1,1,1
Campylorhynchus fasciatus,1,1,1
Campylorhynchus griseus,1,1,1
Campylorhynchus gularis,1,1,1
Campylorhynchus humilis,1,1,1
Campylorhynchus jocosus,1,1,1
Campylorhynchus megalopterus,1,1,1
Campylorhynchus nuchalis,1,1,1
Campylorhynchus rufinucha,1,1,1
Campylorhynchus turdinus,1,1,1
Campylorhynchus yucatanicus,1,1,1
Campylorhynchus zonatus,1,1,1
Cantorchilus griseus,1,1,1
Cantorchilus guarayanus,1,1,1
Cantorchilus leucopogon,1,1,1
Cantorchilus leucotis,1,1,1
Cantorchilus longirostris,1,1,1
Cantorchilus modestus,1,1,1
Cantorchilus nigricapillus,1,1,1
Cantorchilus semibadius,1,1,1
Cantorchilus superciliaris,1,1,1
Cantorchilus thoracicus,1,1,1
Cantorchilus zeledoni,1,1,1
Capito auratus,1,1,1
Capito aurovirens,1,1,1
Capito brunneipectus,1,1,1
Capito dayi,1,1,1
Capito fitzpatricki,"3, 1",1,1
Capito hypoleucus,"4, 3, 1",1,1
Capito maculicoronatus,1,1,1
Capito niger,1,1,1
Capito quinticolor,"3, 1",1,1
Capito squamatus,1,1,1
Capito wallacei,1,1,1
Capsiempis flaveola,1,1,1
Caracara cheriway,1,1,1
Caracara plancus,1,1,1
Cardellina canadensis,1,1,"4, 3"
Cardellina pusilla,1,1,"3, 4"
Cardellina rubra,1,1,1
Cardellina rubrifrons,1,1,3
Cardellina versicolor,1,1,1
Cardinalis cardinalis,1,1,1
Cardinalis phoeniceus,1,1,1
Cardinalis sinuatus,1,1,1
Cariama cristata,1,1,1
Carpodectes antoniae,"4, 1",1,1
Carpodectes hopkei,1,1,1
Carpodectes nitidus,1,1,1
Carpornis cucullata,1,1,1
Carpornis melanocephala,"3, 1",1,1
Caryothraustes canadensis,1,1,1
Caryothraustes celaeno,1,1,1
Caryothraustes erythromelas,1,1,1
Caryothraustes poliogaster,1,1,1
Casiornis fuscus,1,1,1
Casiornis rufus,1,1,"1, 3"
Cassiculus melanicterus,1,1,1
Castanozoster thoracicus,1,1,1
Catamblyrhynchus diadema,1,1,1
Catamenia analis,1,1,1
Catamenia homochroa,1,1,1
Catamenia inornata,1,1,1
Cathartes aura,1,1,1
Cathartes burrovianus,1,1,1
Cathartes melambrotus,1,1,1
Catharus aurantiirostris,1,1,1
Catharus dryas,1,1,1
Catharus frantzii,1,1,1
Catharus fuscater,1,1,1
Catharus fuscescens,1,1,"3, 4"
Catharus gracilirostris,1,1,1
Catharus guttatus,1,1,3
Catharus maculatus,1,1,1
Catharus mexicanus,1,1,1
Catharus minimus,1,1,"4, 3"
Catharus occidentalis,1,1,1
Catharus swainsoni,1,1,"3, 4"
Catharus ustulatus,1,1,"3, 4"
Catherpes mexicanus,1,1,1
Celeus castaneus,1,1,1
Celeus elegans,1,1,1
Celeus flavescens,1,1,1
Celeus flavus,"1, 3",1,1
Celeus galeatus,1,1,1
Celeus loricatus,1,1,1
Celeus lugubris,1,1,1
Celeus obrieni,1,1,1
Celeus occidentalis,1,1,1
Celeus ochraceus,1,1,1
Celeus spectabilis,1,1,1
Celeus tinnunculus,1,1,1
Celeus torquatus,1,1,1
Celeus undatus,1,1,1
Cephalopterus glabricollis,1,1,"2, 3"
Cephalopterus ornatus,1,1,1
Cephalopterus penduliger,"1, 3",1,1
Ceratopipra chloromeros,1,1,1
Ceratopipra cornuta,1,1,1
Ceratopipra erythrocephala,1,1,1
Ceratopipra mentalis,1,1,1
Ceratopipra rubrocapilla,1,1,1
Cercibis oxycerca,1,1,1
Cercomacra brasiliana,1,1,1
Cercomacra carbonaria,"1, 3",1,1
Cercomacra cinerascens,1,1,1
Cercomacra ferdinandi,1,1,1
Cercomacra manu,1,1,1
Cercomacra melanaria,1,1,1
Cercomacra nigricans,1,1,1
Cercomacroides fuscicauda,1,1,1
Cercomacroides laeta,1,1,1
Cercomacroides nigrescens,"3, 1",1,1
Cercomacroides serva,1,1,1
Cercomacroides tyrannina,1,1,1
Certhia americana,1,1,"3, 1, 2"
Certhiasomus stictolaemus,1,1,1
Certhiaxis cinnamomeus,1,1,1
Certhiaxis mustelinus,1,1,1
Chaetocercus berlepschi,1,1,1
Chaetocercus bombus,"3, 1",1,1
Chaetocercus heliodor,1,1,1
Chaetocercus jourdanii,1,1,1
Chaetocercus mulsant,1,1,1
Chaetura andrei,1,1,1
Chaetura brachyura,1,1,1
Chaetura chapmani,1,1,"1, 2"
Chaetura cinereiventris,1,1,1
Chaetura egregia,1,1,1
Chaetura fumosa,1,1,1
Chaetura meridionalis,1,1,"2, 3, 4"
Chaetura pelagica,1,1,"4, 3"
Chaetura spinicaudus,"1, 3",1,1
Chaetura vauxi,1,1,"4, 1"
Chalcostigma herrani,1,1,1
Chalcostigma heteropogon,1,1,1
Chalcostigma ruficeps,1,1,1
Chalcostigma stanleyi,1,1,1
Chalybura buffonii,1,1,1
Chalybura urochrysia,1,1,1
Chamaepetes goudotii,1,1,1
Chamaepetes unicolor,1,1,1
Chamaeza campanisona,1,1,1
Chamaeza meruloides,1,1,1
Chamaeza mollissima,1,1,1
Chamaeza nobilis,1,1,1
Chamaeza ruficauda,1,1,1
Charadrius alticola,1,1,1
Charadrius collaris,1,1,1
Charadrius falklandicus,1,1,4
Charadrius melodus,"3, 1",1,"3, 4"
Charadrius modestus,1,1,"3, 4"
Charadrius nivosus,1,1,"4, 1, 2, 3"
Charadrius semipalmatus,1,1,3
Charadrius vociferus,1,1,"1, 3, 4"
Charadrius wilsonia,1,1,"3, 2, 1"
Charitospiza eucosma,"3, 1",1,1
Chauna chavaria,1,1,1
Chauna torquata,1,1,1
Chelidoptera tenebrosa,1,1,1
Chionodacryon speculiferum,1,1,1
Chiroxiphia boliviana,1,1,1
Chiroxiphia caudata,1,1,1
Chiroxiphia lanceolata,1,1,1
Chiroxiphia linearis,1,1,1
Chiroxiphia pareola,1,1,1
Chlidonias niger,1,1,"3, 4"
Chloephaga melanoptera,1,1,1
Chloroceryle aenea,1,1,1
Chloroceryle amazona,1,1,1
Chloroceryle americana,1,1,1
Chloroceryle inda,1,1,1
Chlorochrysa calliparaea,1,1,1
Chlorochrysa fulgentissima,1,1,1
Chlorochrysa nitidissima,4,1,1
Chlorochrysa phoenicotis,1,1,1
Chlorophanes spiza,1,1,1
Chlorophonia callophrys,1,1,1
Chlorophonia cyanea,1,1,1
Chlorophonia flavirostris,1,1,1
Chlorophonia occipitalis,1,1,1
Chlorophonia pyrrhophrys,1,1,1
Chloropipo flavicapilla,1,1,1
Chloropipo unicolor,1,1,1
Chlorornis riefferii,1,1,1
Chlorospingus canigularis,1,1,1
Chlorospingus flavigularis,1,1,1
Chlorospingus hypophaeus,1,1,1
Chlorospingus inornatus,1,1,1
Chlorospingus parvirostris,1,1,1
Chlorospingus pileatus,1,1,1
Chlorospingus semifuscus,1,1,1
Chlorospingus tacarcunae,1,1,1
Chlorostilbon assimilis,1,1,1
Chlorostilbon canivetii,1,1,1
Chlorostilbon forficatus,1,1,1
Chlorostilbon gibsoni,1,1,1
Chlorostilbon lucidus,1,1,1
Chlorostilbon mellisugus,"1, 3",1,1
Chlorostilbon notatus,1,1,1
Chlorostilbon olivaresi,1,1,1
Chlorostilbon poortmani,1,1,1
Chlorostilbon russatus,1,1,1
Chlorostilbon stenurus,1,1,1
Chondestes grammacus,1,1,3
Chondrohierax uncinatus,1,1,1
Chordeiles acutipennis,1,1,"2, 3, 1"
Chordeiles minor,1,1,"3, 4, 2"
Chordeiles nacunda,1,1,1
Chordeiles pusillus,1,1,"1, 4"
Chordeiles rupestris,1,1,1
Chrysocorypha delatrii,1,1,1
Chrysolampis mosquitus,1,1,1
Chrysomus icterocephalus,1,1,1
Chrysomus ruficapillus,1,1,1
Chrysothlypis chrysomelas,1,1,1
Chrysothlypis salmoni,1,1,1
Ciccaba albitarsis,1,1,1
Ciccaba huhula,1,1,1
Ciccaba nigrolineata,1,1,1
Ciccaba virgata,1,1,1
Cichlocolaptes holti,1,1,1
Cichlocolaptes leucophrus,1,1,1
Cichlocolaptes mazarbarnetti,5,1,1
Cichlopsis chubbi,1,1,1
Cichlopsis gularis,1,1,1
Cichlopsis leucogenys,1,1,1
Cichlopsis peruviana,1,1,1
Ciconia maguari,1,1,1
Cinclodes albidiventris,1,1,1
Cinclodes albiventris,1,1,1
Cinclodes aricomae,1,1,1
Cinclodes atacamensis,1,1,1
Cinclodes fuscus,1,1,3
Cinclodes pabsti,1,1,1
Cinclus leucocephalus,1,1,1
Cinclus mexicanus,1,1,1
Cinnycerthia fulva,1,1,1
Cinnycerthia olivascens,1,1,1
Cinnycerthia peruana,1,1,1
Cinnycerthia unirufa,1,1,1
Circus buffoni,1,1,"1, 3"
Circus cinereus,1,1,"1, 3"
Circus hudsonius,1,1,"4, 3"
Cissopis leverianus,1,1,1
Cistothorus palustris,1,1,"3, 1"
Cistothorus platensis,1,1,1
Cistothorus stellaris,1,1,3
Claravis pretiosa,1,1,1
Clibanornis dendrocolaptoides,1,1,1
Clibanornis erythrocephalus,1,1,1
Clibanornis rectirostris,1,1,1
Clibanornis rubiginosus,1,1,1
Clytoctantes alixii,"3, 1",1,1
Clytoctantes atrogularis,"1, 3",1,1
Clytolaema rubricauda,1,1,1
Cnemarchus erythropygius,1,1,1
Cnemathraupis aureodorsalis,1,1,1
Cnemathraupis eximia,1,1,1
Cnemoscopus chrysogaster,1,1,1
Cnemoscopus rubrirostris,1,1,1
Cnemotriccus fuscatus,1,1,1
Cnipodectes subbrunneus,1,1,1
Cnipodectes superrufus,1,1,1
Coccycua cinerea,1,1,"2, 3"
Coccycua minuta,1,1,1
Coccycua pumila,1,1,1
Coccyzus americanus,1,1,"3, 2, 4"
Coccyzus erythropthalmus,1,1,"4, 3"
Coccyzus euleri,1,1,1
Coccyzus lansbergi,1,1,1
Coccyzus melacoryphus,1,1,1
Coccyzus minor,1,1,1
Cochlearius cochlearius,1,1,1
Coeligena albicaudata,1,1,1
Coeligena coeligena,1,1,1
Coeligena conradii,1,1,1
Coeligena consita,1,1,1
Coeligena dichroura,1,1,1
Coeligena eisenmanni,1,1,1
Coeligena helianthea,1,1,1
Coeligena inca,1,1,1
Coeligena iris,1,1,1
Coeligena osculans,1,1,1
Coeligena torquata,1,1,1
Coeligena wilsoni,1,1,1
Coereba flaveola,1,1,1
Colaptes aeruginosus,1,1,1
Colaptes atriceps,1,1,1
Colaptes auratus,1,1,3
Colaptes cafer,1,1,1
Colaptes campestris,1,1,1
Colaptes campestroides,1,1,1
Colaptes cinereicapillus,1,1,1
Colaptes melanochloros,1,1,1
Colaptes melanolaimus,1,1,1
Colaptes mexicanoides,1,1,1
Colaptes punctigula,1,1,1
Colaptes rivolii,1,1,1
Colaptes rubiginosus,1,1,1
Colaptes rupicola,1,1,1
Colibri coruscans,1,1,1
Colibri delphinae,1,1,1
Colibri serrirostris,1,1,1
Colibri thalassinus,1,1,1
Colinus cristatus,1,1,1
Colinus leucopogon,1,1,1
Colinus nigrogularis,1,1,1
Colinus virginianus,1,1,1
Colonia colonus,1,1,1
Columbina buckleyi,1,1,1
Columbina cruziana,1,1,1
Columbina cyanopis,4,1,1
Columbina inca,1,1,1
Columbina minuta,1,1,1
Columbina passerina,1,1,1
Columbina picui,1,1,"1, 3"
Columbina squammata,1,1,1
Columbina talpacoti,1,1,1
Compsothraupis loricata,1,1,1
Conioptilon mcilhennyi,1,1,1
Conirostrum albifrons,1,1,1
Conirostrum bicolor,1,1,1
Conirostrum ferrugineiventre,1,1,1
Conirostrum fraseri,1,1,1
Conirostrum leucogenys,1,1,1
Conirostrum margaritae,1,1,1
Conirostrum sitticolor,1,1,1
Conirostrum speciosum,1,1,1
Conopias albovittatus,1,1,1
Conopias cinchoneti,1,1,1
Conopias parvus,1,1,1
Conopias trivirgatus,1,1,1
Conopophaga ardesiaca,1,1,1
Conopophaga aurita,1,1,1
Conopophaga castaneiceps,1,1,1
Conopophaga cearae,1,1,1
Conopophaga lineata,1,1,1
Conopophaga melanogaster,1,1,1
Conopophaga melanops,1,1,1
Conopophaga peruviana,1,1,1
Conopophaga roberti,1,1,1
Conopophaga snethlageae,1,1,1
Conothraupis speculigera,1,1,"2, 3"
Contopus albogularis,1,1,1
Contopus bogotensis,1,1,1
Contopus cinereus,1,1,1
Contopus cooperi,1,1,"3, 4"
Contopus fumigatus,1,1,1
Contopus lugubris,1,1,1
Contopus nigrescens,1,1,1
Contopus ochraceus,1,1,1
Contopus pertinax,1,1,1
Contopus punensis,1,1,1
Contopus sordidulus,1,1,"4, 2, 3"
Contopus virens,1,1,"4, 3"
Coragyps atratus,1,1,1
Corapipo gutturalis,1,1,1
Corapipo leucorrhoa,1,1,1
Corvus corax,1,1,1
Corvus cryptoleucus,1,1,"1, 3"
Corvus imparatus,1,1,1
Corydospiza alaudina,1,1,1
Coryphaspiza melanotis,1,1,1
Coryphospingus cucullatus,1,1,"1, 3"
Coryphospingus pileatus,1,1,1
Corythopis delalandi,1,1,1
Corythopis torquatus,1,1,1
Coscoroba coscoroba,1,1,"1, 3"
Cotinga amabilis,1,1,1
Cotinga cayana,1,1,1
Cotinga cotinga,1,1,1
Cotinga maculata,"4, 1, 5",1,1
Cotinga maynana,1,1,1
Cotinga nattererii,1,1,1
Cotinga ridgwayi,"4, 3, 1",1,1
Coturnicops notatus,1,1,1
Cranioleuca albicapilla,1,1,1
Cranioleuca baroni,1,1,1
Cranioleuca curtata,1,1,1
Cranioleuca demissa,1,1,1
Cranioleuca dissita,1,1,1
Cranioleuca erythrops,1,1,1
Cranioleuca marcapatae,1,1,1
Cranioleuca muelleri,1,1,1
Cranioleuca obsoleta,1,1,1
Cranioleuca pallida,1,1,1
Cranioleuca pyrrhophia,1,1,1
Cranioleuca semicinerea,1,1,1
Cranioleuca subcristata,1,1,1
Cranioleuca sulphurifera,1,1,1
Cranioleuca vulpecula,1,1,1
Cranioleuca vulpina,1,1,1
Cranioleuca weskei,1,1,1
Crax alberti,"3, 4, 1",1,1
Crax alector,1,1,1
Crax blumenbachii,"4, 1",1,1
Crax daubentoni,1,1,1
Crax fasciolata,"1, 4",1,1
Crax globulosa,"1, 4",1,1
Crax pinima,1,1,1
Crax rubra,1,1,1
Creurgops dentatus,1,1,1
Creurgops verticalis,1,1,1
Crotophaga ani,1,1,1
Crotophaga major,1,1,1
Crotophaga sulcirostris,1,1,1
Cryptoleucopteryx plumbea,1,1,1
Cryptopipo holochlora,1,1,1
Cryptopipo litae,1,1,1
Crypturellus atrocapillus,1,1,1
Crypturellus bartletti,1,1,1
Crypturellus berlepschi,1,1,1
Crypturellus boucardi,1,1,1
Crypturellus brevirostris,1,1,1
Crypturellus casiquiare,1,1,1
Crypturellus cinereus,1,1,1
Crypturellus cinnamomeus,1,1,1
Crypturellus duidae,1,1,1
Crypturellus erythropus,1,1,1
Crypturellus kerriae,"4, 1, 3",1,1
Crypturellus noctivagus,1,1,1
Crypturellus obsoletus,1,1,1
Crypturellus parvirostris,1,1,1
Crypturellus soui,1,1,1
Crypturellus strigulosus,1,1,1
Crypturellus tataupa,1,1,1
Crypturellus transfasciatus,1,1,1
Crypturellus undulatus,1,1,1
Crypturellus variegatus,1,1,1
Culicivora caudacuta,1,1,1
Cyanerpes caeruleus,1,1,1
Cyanerpes cyaneus,1,1,"1, 2, 3"
Cyanerpes lucidus,1,1,1
Cyanerpes nitidus,1,1,1
Cyanicterus cyanicterus,1,1,1
Cyanocitta stelleri,1,1,1
Cyanocompsa parellina,1,1,1
Cyanocorax affinis,1,1,1
Cyanocorax cayanus,1,1,1
Cyanocorax chrysops,1,1,1
Cyanocorax coeruleus,1,1,1
Cyanocorax cristatellus,1,1,1
Cyanocorax cyanomelas,1,1,1
Cyanocorax cyanopogon,1,1,1
Cyanocorax formosus,1,1,1
Cyanocorax hafferi,1,1,1
Cyanocorax heilprini,1,1,1
Cyanocorax melanocyaneus,1,1,1
Cyanocorax morio,1,1,1
Cyanocorax mystacalis,1,1,1
Cyanocorax violaceus,1,1,1
Cyanocorax yncas,1,1,1
Cyanocorax yucatanicus,1,1,1
Cyanoloxia brissonii,1,1,1
Cyanoloxia cyanoides,1,1,1
Cyanoloxia glaucocaerulea,1,1,"1, 3"
Cyanoloxia rothschildii,1,1,1
Cyanolyca argentigula,1,1,1
Cyanolyca cucullata,1,1,1
Cyanolyca nanus,1,1,1
Cyanolyca pulchra,1,1,1
Cyanolyca pumilo,1,1,1
Cyanolyca quindiuna,1,1,1
Cyanolyca turcosa,1,1,1
Cyanolyca viridicyanus,1,1,1
Cyclarhis gujanensis,1,1,1
Cyclarhis nigrirostris,1,1,1
Cygnus buccinator,5,1,3
Cygnus melancoryphus,1,1,3
Cymbilaimus lineatus,1,1,1
Cymbilaimus sanctaemariae,1,1,1
Cynanthus latirostris,1,1,"1, 3"
Cynanthus sordidus,1,1,1
Cyphorhinus arada,1,1,1
Cyphorhinus dichrous,1,1,1
Cyphorhinus phaeocephalus,1,1,1
Cyphorhinus thoracicus,1,1,1
Cyphos macrodactylus,1,1,1
Cypseloides cherriei,1,1,2
Cypseloides cryptus,1,1,1
Cypseloides fumigatus,1,1,1
Cypseloides lemosi,1,1,1
Cypseloides niger,1,1,"2, 4"
Cypseloides senex,1,1,1
Cypsnagra hirundinacea,1,1,1
Cyrtonyx montezumae,1,1,1
Cyrtonyx ocellatus,1,1,1
Cyrtonyx sallei,1,1,1
Dacnis albiventris,1,1,1
Dacnis berlepschi,"1, 3",1,1
Dacnis cayana,1,1,1
Dacnis egregia,1,1,1
Dacnis flaviventer,1,1,1
Dacnis hartlaubi,1,1,1
Dacnis lineata,1,1,1
Dacnis nigripes,"1, 4, 3",1,1
Dacnis venusta,1,1,1
Dacnis viguieri,1,1,1
Dactylortyx thoracicus,1,1,1
Daption capense,1,1,1
Daptrius ater,1,1,1
Deconychura longicauda,1,1,1
Deconychura pallida,1,1,1
Deconychura typica,1,1,1
Deltarhynchus flammulatus,1,1,1
Dendrexetastes rufigula,1,1,1
Dendrocincla anabatina,1,1,1
Dendrocincla fuliginosa,1,1,1
Dendrocincla homochroa,1,1,1
Dendrocincla merula,1,1,1
Dendrocincla turdina,1,1,1
Dendrocincla tyrannina,1,1,1
Dendrocolaptes certhia,1,1,1
Dendrocolaptes hoffmannsi,1,1,1
Dendrocolaptes picumnus,1,1,1
Dendrocolaptes platyrostris,1,1,1
Dendrocolaptes punctipectus,1,1,1
Dendrocolaptes sanctithomae,1,1,1
Dendrocygna autumnalis,1,1,1
Dendrocygna bicolor,1,1,1
Dendrocygna viduata,1,1,1
Dendroplex kienerii,1,1,1
Dendroplex picus,1,1,1
Dendrortyx barbatus,"1, 3",1,1
Dendrortyx leucophrys,1,1,1
Dendrortyx macroura,1,1,1
Deroptyus accipitrinus,1,1,1
Dichrozona cincta,1,1,1
Diglossa albilatera,1,1,1
Diglossa baritula,1,1,1
Diglossa brunneiventris,1,1,1
Diglossa caerulescens,1,1,1
Diglossa carbonaria,1,1,1
Diglossa cyanea,1,1,1
Diglossa duidae,1,1,1
Diglossa glauca,1,1,1
Diglossa humeralis,1,1,1
Diglossa indigotica,1,1,1
Diglossa lafresnayii,1,1,1
Diglossa major,1,1,1
Diglossa mystacalis,1,1,1
Diglossa plumbea,1,1,1
Diglossa sittoides,1,1,1
Diomedea dabbenena,1,1,1
Diomedea exulans,1,1,1
Diopsittaca cumanensis,1,1,1
Diopsittaca nobilis,1,1,1
Discosura conversii,1,1,1
Discosura langsdorffi,1,1,1
Discosura letitiae,3,1,1
Discosura longicaudus,1,1,1
Discosura popelairii,1,1,1
Dives dives,1,1,1
Dives warczewiczi,1,1,1
Dolichonyx oryzivorus,1,1,"3, 4"
Doliornis sclateri,1,1,1
Donacobius atricapilla,1,1,1
Donacospiza albifrons,1,1,1
Doricha eliza,1,1,1
Doricha enicura,1,1,1
Doryfera johannae,1,1,1
Doryfera ludovicae,1,1,1
Dromococcyx pavoninus,1,1,1
Dromococcyx phasianellus,1,1,1
Drymophila devillei,1,1,1
Drymophila ferruginea,1,1,1
Drymophila genei,1,1,1
Drymophila klagesi,1,1,1
Drymophila malura,1,1,1
Drymophila ochropyga,1,1,1
Drymophila rubricollis,1,1,1
Drymophila squamata,1,1,1
Drymophila striaticeps,1,1,1
Drymotoxeres pucheranii,1,1,1
Dryobates scalaris,1,1,1
Dubusia castaneoventris,1,1,1
Dubusia stictocephala,1,1,1
Dubusia taeniata,1,1,1
Dumetella carolinensis,1,1,3
Dysithamnus leucostictus,1,1,1
Dysithamnus mentalis,1,1,1
Dysithamnus occidentalis,"4, 1",1,1
Dysithamnus plumbeus,"1, 4",1,1
Dysithamnus puncticeps,1,1,1
Dysithamnus stictothorax,1,1,1
Dysithamnus striaticeps,1,1,1
Dysithamnus xanthopterus,"1, 3",1,1
Ectopistes migratorius,5,1,1
Egretta caerulea,1,1,"3, 4, 1"
Egretta rufescens,1,1,"1, 3"
Egretta thula,1,1,"3, 1"
Egretta tricolor,1,1,"3, 1"
Elaenia albiceps,1,1,"3, 1, 4"
Elaenia brachyptera,1,1,1
Elaenia chiriquensis,1,1,1
Elaenia cristata,1,1,1
Elaenia flavogaster,1,1,1
Elaenia frantzii,1,1,1
Elaenia gigas,1,1,1
Elaenia martinica,1,1,1
Elaenia mesoleuca,1,1,1
Elaenia obscura,1,1,1
Elaenia olivina,1,1,1
Elaenia pallatangae,1,1,1
Elaenia parvirostris,1,1,"3, 1"
Elaenia pelzelni,1,1,1
Elaenia ruficeps,1,1,1
Elaenia sordida,1,1,1
Elaenia spectabilis,1,1,"1, 3"
Elaenia strepera,1,1,"1, 3"
Elanoides forficatus,1,1,"4, 1, 2"
Elanus leucurus,1,1,1
Electron carinatum,"1, 4",1,1
Electron platyrhynchum,1,1,1
Eleoscytalopus indigoticus,1,1,1
Eleoscytalopus psychopompus,1,1,1
Eleothreptus anomalus,"4, 1",1,1
Eleothreptus candicans,"4, 1, 3",1,1
Elvira chionura,1,1,1
Elvira cupreiceps,1,1,1
Emberizoides herbicola,1,1,1
Emberizoides ypiranganus,1,1,1
Embernagra longicauda,1,1,1
Embernagra platensis,1,1,1
Empidonax affinis,1,1,1
Empidonax albigularis,1,1,"1, 2, 3, 4"
Empidonax alnorum,1,1,"4, 3"
Empidonax atriceps,1,1,1
Empidonax flavescens,1,1,1
Empidonax flaviventris,1,1,"3, 4"
Empidonax fulvifrons,1,1,"1, 3"
Empidonax hammondii,1,1,"3, 4"
Empidonax minimus,1,1,"3, 4"
Empidonax oberholseri,1,1,3
Empidonax occidentalis,1,1,1
Empidonax traillii,1,1,"4, 3"
Empidonax virescens,1,1,"4, 3"
Empidonax wrightii,1,1,3
Empidonomus varius,1,1,"3, 1, 2"
Ensifera ensifera,1,1,1
Entomodestes coracinus,1,1,1
Entomodestes leucotis,1,1,1
Epinecrophylla amazonica,1,1,1
Epinecrophylla erythrura,1,1,1
Epinecrophylla fulviventris,1,1,1
Epinecrophylla gutturalis,1,1,1
Epinecrophylla haematonota,1,1,1
Epinecrophylla hoffmannsi,1,1,1
Epinecrophylla leucophthalma,1,1,1
Epinecrophylla ornata,1,1,1
Epinecrophylla spodionota,1,1,1
Eremophila alpestris,1,1,2
Eriocnemis aline,1,1,1
Eriocnemis sapphiropygia,1,1,1
Eriocnemis vestita,1,1,1
Estrilda astrild,1,3,1
Eubucco aurantiicollis,1,1,1
Eubucco bourcierii,1,1,1
Eubucco glaucogularis,1,1,1
Eubucco richardsoni,"1, 3",1,1
Eubucco steerii,1,1,1
Eubucco tucinkae,1,1,1
Eubucco versicolor,1,1,1
Euchrepomis callinota,1,1,1
Euchrepomis humeralis,1,1,1
Euchrepomis sharpei,1,1,1
Euchrepomis spodioptila,"1, 3",1,1
Eudocimus albus,1,1,"2, 3, 1"
Eudocimus ruber,1,1,1
Eugenes fulgens,1,1,1
Eumomota superciliosa,1,1,1
Eupetomena macroura,1,1,1
Euphagus cyanocephalus,1,1,3
Eupherusa eximia,1,1,1
Eupherusa nigriventris,1,1,1
Euphonia affinis,1,1,1
Euphonia anneae,1,1,1
Euphonia cayennensis,1,1,1
Euphonia chalybea,1,1,1
Euphonia chlorotica,1,1,1
Euphonia chrysopasta,1,1,1
Euphonia concinna,1,1,1
Euphonia cyanocephala,1,1,1
Euphonia finschi,1,1,1
Euphonia fulvicrissa,1,1,1
Euphonia gouldi,1,1,1
Euphonia hirundinacea,1,1,1
Euphonia imitans,1,1,1
Euphonia laniirostris,1,1,1
Euphonia luteicapilla,1,1,1
Euphonia mesochrysa,1,1,1
Euphonia minuta,1,1,1
Euphonia pectoralis,1,1,1
Euphonia plumbea,1,1,1
Euphonia rufiventris,1,1,1
Euphonia saturata,1,1,1
Euphonia trinitatis,1,1,1
Euphonia violacea,1,1,1
Euphonia xanthogaster,1,1,1
Eupsittula astec,1,1,1
Eupsittula aurea,1,1,1
Eupsittula cactorum,1,1,1
Eupsittula canicularis,1,1,1
Eupsittula pertinax,1,1,1
Eurypyga helias,1,1,1
Euscarthmus fulviceps,1,1,1
Euscarthmus meloryphus,1,1,1
Euscarthmus rufomarginatus,"4, 1, 3",1,1
Eutoxeres aquila,1,1,1
Eutoxeres condamini,"1, 3",1,1
Falco columbarius,1,1,"3, 1"
Falco deiroleucus,1,1,1
Falco femoralis,1,1,1
Falco mexicanus,1,1,3
Falco peregrinus,1,1,"4, 3, 1"
Falco rufigularis,1,1,1
Falco sparverius,1,1,"3, 1"
Florisuga fusca,"1, 3",1,1
Florisuga mellivora,1,1,1
Fluvicola albiventer,1,1,"3, 1"
Fluvicola nengeta,1,1,1
Fluvicola pica,1,1,1
Formicarius analis,1,1,1
Formicarius colma,1,1,1
Formicarius moniliger,1,1,1
Formicarius nigricapillus,1,1,1
Formicarius rufifrons,1,1,1
Formicarius rufipectus,1,1,1
Formicivora acutirostris,1,1,1
Formicivora erythronotos,1,1,1
Formicivora grisea,1,1,1
Formicivora iheringi,1,1,1
Formicivora intermedia,1,1,1
Formicivora melanogaster,1,1,1
Formicivora paludicola,1,1,1
Formicivora rufa,1,1,1
Formicivora serrana,1,1,1
Forpus coelestis,1,1,1
Forpus conspicillatus,1,1,1
Forpus modestus,"3, 1",1,1
Forpus passerinus,1,1,1
Forpus spengeli,1,1,1
Forpus xanthopterygius,1,1,1
Frederickena unduliger,1,1,1
Frederickena viridis,1,1,1
Fregata ariel,1,1,1
Fregata magnificens,1,1,"2, 3"
Fregetta tropica,1,1,3
Fulica americana,1,1,"1, 3"
Fulica ardesiaca,1,1,1
Fulica armillata,1,1,1
Fulica gigantea,1,1,1
Fulica leucoptera,1,1,1
Fulica rufifrons,1,1,1
Furnarius cinnamomeus,1,1,1
Furnarius figulus,1,1,1
Furnarius leucopus,1,1,1
Furnarius longirostris,1,1,1
Furnarius minor,1,1,1
Furnarius rufus,1,1,1
Furnarius torridus,1,1,1
Galbalcyrhynchus leucotis,1,1,1
Galbalcyrhynchus purusianus,1,1,1
Galbula albirostris,1,1,1
Galbula chalcocephala,1,1,1
Galbula chalcothorax,1,1,1
Galbula cyanescens,1,1,1
Galbula cyanicollis,1,1,1
Galbula dea,1,1,1
Galbula galbula,1,1,1
Galbula leucogastra,1,1,1
Galbula pastazae,1,1,1
Galbula ruficauda,"1, 3",1,1
Galbula tombacea,1,1,1
Gallinago andina,1,1,1
Gallinago delicata,1,1,3
Gallinago imperialis,1,1,1
Gallinago jamesoni,1,1,1
Gallinago nobilis,1,1,1
Gallinago paraguaiae,1,1,1
Gallinago undulata,1,1,1
Gallinula galeata,1,1,"3, 1"
Gampsonyx swainsonii,1,1,1
Gelochelidon nilotica,1,1,"1, 2, 3"
Geococcyx californianus,1,1,1
Geococcyx velox,1,1,1
Geositta cunicularia,1,1,1
Geositta poeciloptera,1,1,1
Geositta rufipennis,1,1,1
Geositta saxicolina,1,1,1
Geositta tenuirostris,1,1,1
Geospizopsis plebejus,1,1,1
Geospizopsis unicolor,1,1,1
Geothlypis aequinoctialis,1,1,1
Geothlypis auricularis,1,1,1
Geothlypis bairdi,1,1,1
Geothlypis chiriquensis,1,1,1
Geothlypis flavovelata,1,1,1
Geothlypis formosa,1,1,"3, 4"
Geothlypis nelsoni,1,1,1
Geothlypis philadelphia,1,1,"4, 3"
Geothlypis poliocephala,1,1,1
Geothlypis semiflava,1,1,1
Geothlypis tolmiei,1,1,"3, 4"
Geothlypis trichas,1,1,"1, 3"
Geotrygon montana,1,1,1
Geotrygon purpurata,1,1,1
Geotrygon saphirina,1,1,1
Geotrygon violacea,1,1,1
Geranoaetus albicaudatus,1,1,1
Geranoaetus melanoleucus,1,1,1
Geranoaetus polyosoma,1,1,1
Geranospiza caerulescens,1,1,1
Glaucidium bolivianum,1,1,1
Glaucidium brasilianum,1,1,1
Glaucidium cobanense,1,1,1
Glaucidium costaricanum,1,1,1
Glaucidium gnoma,1,1,1
Glaucidium griseiceps,1,1,1
Glaucidium hardyi,1,1,1
Glaucidium jardinii,1,1,1
Glaucidium minutissimum,1,1,1
Glaucidium mooreorum,4,1,1
Glaucidium nubicola,1,1,1
Glaucidium parkeri,1,1,1
Glaucidium peruanum,1,1,1
Glaucidium sanchezi,1,1,1
Glaucis aeneus,1,1,1
Glaucis dohrnii,1,1,1
Glaucis hirsutus,1,1,1
Glyphorynchus spirurus,1,1,1
Gnorimopsar chopi,1,1,1
Goethalsia bella,1,1,1
Goldmania violiceps,1,1,1
Grallaria albigula,1,1,1
Grallaria andicolus,1,1,1
Grallaria blakei,1,1,1
Grallaria capitalis,1,1,1
Grallaria carrikeri,1,1,1
Grallaria dignissima,1,1,1
Grallaria eludens,1,1,1
Grallaria erythroleuca,1,1,1
Grallaria flavotincta,1,1,1
Grallaria gigantea,3,1,1
Grallaria guatimalensis,1,1,1
Grallaria haplonota,1,1,1
Grallaria hypoleuca,1,1,1
Grallaria przewalskii,1,1,1
Grallaria ruficapilla,1,1,1
Grallaria rufula,1,1,1
Grallaria squamigera,1,1,1
Grallaria varia,1,1,1
Grallaria watkinsi,1,1,1
Grallaricula ferrugineipectus,1,1,1
Grallaricula flavirostris,1,1,1
Grallaricula leymebambae,1,1,1
Grallaricula nana,1,1,1
Grallaricula peruviana,1,1,1
Granatellus paraensis,1,1,1
Granatellus pelzelni,1,1,1
Granatellus sallaei,1,1,1
Granatellus venustus,1,1,1
Graydidascalus brachyurus,1,1,1
Griseotyrannus aurantioatrocristatus,1,1,"3, 1"
Guaruba guarouba,"1, 5, 3",1,1
Gubernatrix cristata,3,1,1
Gubernetes yetapa,1,1,1
Guira guira,1,1,1
Guyramemua affinis,1,1,1
Gymnocichla nudiceps,1,1,1
Gymnoderus foetidus,1,1,1
Gymnomystax mexicanus,1,1,1
Gymnopithys bicolor,1,1,1
Gymnopithys leucaspis,1,1,1
Gymnopithys rufigula,1,1,1
Habia atrimaxillaris,1,1,1
Habia carmioli,1,1,1
Habia cristata,1,1,1
Habia frenata,1,1,1
Habia fuscicauda,1,1,1
Habia gutturalis,1,1,1
Habia olivacea,1,1,1
Habia stolzmanni,1,1,1
Haematoderus militaris,1,1,1
Haematopus palliatus,1,1,"1, 3"
Haemorhous mexicanus,1,1,1
Hafferia fortis,1,1,1
Hafferia immaculata,1,1,1
Hafferia zeledoni,1,1,1
Haliaeetus leucocephalus,1,1,3
Hapalopsittaca melanotis,1,1,1
Hapaloptila castanea,1,1,1
Haplophaedia assimilis,1,1,1
Haplophaedia aureliae,1,1,1
Haplospiza unicolor,1,1,1
Harpagus bidentatus,1,1,1
Harpagus diodon,1,1,"2, 3, 4"
Harpia harpyja,1,1,1
Heliactin bilophus,1,1,1
Heliangelus amethysticollis,1,1,1
Heliangelus exortis,1,1,1
Heliangelus regalis,1,1,1
Heliangelus strophianus,1,1,1
Helicolestes hamatus,1,1,1
Heliobletus contaminatus,1,1,1
Heliodoxa aurescens,1,1,1
Heliodoxa branickii,1,1,1
Heliodoxa gularis,"4, 3, 1",1,1
Heliodoxa imperatrix,1,1,1
Heliodoxa jacula,1,1,1
Heliodoxa leadbeateri,1,1,1
Heliodoxa rubinoides,1,1,1
Heliodoxa schreibersii,1,1,1
Heliodoxa whitelyana,1,1,1
Heliodoxa xanthogonys,1,1,1
Heliomaster constantii,1,1,1
Heliomaster furcifer,1,1,1
Heliomaster longirostris,1,1,1
Heliomaster squamosus,1,1,1
Heliornis fulica,1,1,1
Heliothryx auritus,1,1,1
Heliothryx barroti,1,1,1
Hellmayrea gularis,1,1,1
Helmitheros vermivorum,1,1,"4, 3"
Hemithraupis flavicollis,1,1,1
Hemithraupis guira,1,1,1
Hemithraupis ruficapilla,1,1,1
Hemitriccus cohnhafti,1,1,1
Hemitriccus diops,1,1,1
Hemitriccus flammulatus,1,1,1
Hemitriccus furcatus,"1, 4, 3",1,1
Hemitriccus granadensis,1,1,1
Hemitriccus griseipectus,1,1,1
Hemitriccus inornatus,1,1,1
Hemitriccus iohannis,1,1,1
Hemitriccus josephinae,1,1,1
Hemitriccus kaempferi,"4, 1",1,1
Hemitriccus margaritaceiventer,1,1,1
Hemitriccus minimus,1,1,1
Hemitriccus minor,1,1,1
Hemitriccus mirandae,"4, 1, 3",1,1
Hemitriccus nidipendulus,1,1,1
Hemitriccus obsoletus,1,1,1
Hemitriccus orbitatus,1,1,1
Hemitriccus rufigularis,1,1,1
Hemitriccus spodiops,1,1,1
Hemitriccus striaticollis,1,1,1
Hemitriccus zosterops,1,1,1
Henicorhina leucophrys,1,1,1
Henicorhina leucoptera,1,1,1
Herpetotheres cachinnans,1,1,1
Herpsilochmus atricapillus,1,1,1
Herpsilochmus axillaris,1,1,1
Herpsilochmus dorsimaculatus,1,1,1
Herpsilochmus dugandi,"1, 3",1,1
Herpsilochmus gentryi,1,1,1
Herpsilochmus longirostris,1,1,1
Herpsilochmus motacilloides,1,1,1
Herpsilochmus parkeri,"1, 3",1,1
Herpsilochmus pectoralis,"1, 3",1,1
Herpsilochmus pileatus,1,1,1
Herpsilochmus praedictus,"1, 3",1,1
Herpsilochmus roraimae,1,1,1
Herpsilochmus rufimarginatus,1,1,1
Herpsilochmus scapularis,1,1,1
Herpsilochmus sellowi,1,1,1
Herpsilochmus stictocephalus,1,1,1
Herpsilochmus sticturus,"1, 3",1,1
Herpsilochmus stotzi,"1, 3",1,1
Hesperiphona abeillei,1,1,1
Heterocercus aurantiivertex,1,1,1
Heterocercus flavivertex,1,1,1
Heterocercus linteatus,1,1,1
Heteronetta atricapilla,1,1,1
Heterospingus rubrifrons,1,1,1
Heterospingus xanthopygius,1,1,1
Himantopus himantopus,1,1,"3, 1, 4"
Hirundinea bellicosa,1,1,1
Hirundinea ferruginea,1,1,1
Hirundo rustica,1,1,"3, 1, 2, 4"
Hoploxypterus cayanus,1,1,1
Hydrobates castro,1,1,1
Hydrobates hornbyi,1,1,1
Hydrobates jabejabe,1,1,1
Hydrobates leucorhous,1,1,1
Hydrobates markhami,1,1,1
Hydrobates melania,1,1,3
Hydrobates microsoma,1,1,1
Hydrobates pelagicus,1,1,1
Hydrobates tethys,1,1,1
Hydroprogne caspia,1,1,3
Hydropsalis cayennensis,1,1,1
Hydropsalis climacocerca,1,1,1
Hydropsalis maculicaudus,1,1,"2, 1"
Hydropsalis torquata,1,1,1
Hylatomus fuscipennis,1,1,1
Hylatomus lineatus,1,1,1
Hylexetastes perrotii,1,1,1
Hylexetastes stresemanni,1,1,1
Hylocichla mustelina,1,1,"4, 3"
Hylomanes momotula,1,1,1
Hylopezus auricularis,"1, 3",1,1
Hylopezus berlepschi,1,1,1
Hylopezus dives,1,1,1
Hylopezus fulviventris,1,1,1
Hylopezus macularius,1,1,1
Hylopezus nattereri,1,1,1
Hylopezus ochroleucus,1,1,1
Hylopezus perspicillatus,1,1,1
Hylophilus amaurocephalus,1,1,1
Hylophilus brunneiceps,1,1,1
Hylophilus flavipes,1,1,1
Hylophilus griseiventris,1,1,1
Hylophilus olivaceus,1,1,1
Hylophilus pectoralis,1,1,1
Hylophilus poicilotis,1,1,1
Hylophilus semicinereus,1,1,1
Hylophilus thoracicus,1,1,1
Hylophilus viridiflavus,1,1,1
Hylophylax naevioides,1,1,1
Hylophylax naevius,1,1,1
Hylophylax punctulatus,1,1,1
Hylorchilus navai,"1, 3",1,1
Hylorchilus sumichrasti,1,1,1
Hymenops perspicillatus,1,1,"3, 1"
Hypnelus bicinctus,1,1,1
Hypnelus ruficollis,1,1,1
Hypocnemis cantator,1,1,1
Hypocnemis flavescens,1,1,1
Hypocnemis hypoxantha,1,1,1
Hypocnemis ochrogyna,1,1,1
Hypocnemis peruviana,1,1,1
Hypocnemis rondoni,"1, 3",1,1
Hypocnemis striata,1,1,1
Hypocnemis subflava,1,1,1
Hypocnemoides maculicauda,1,1,1
Hypocnemoides melanopogon,1,1,1
Hypoedaleus guttatus,1,1,1
Hypopyrrhus pyrohypogaster,"3, 4",1,1
Ibycter americanus,"5, 1",1,1
Icteria virens,1,1,"4, 3"
Icterus abeillei,1,1,"2, 3"
Icterus auratus,1,1,1
Icterus auricapillus,1,1,1
Icterus bullockiorum,1,1,"3, 4"
Icterus cayanensis,1,1,1
Icterus chrysater,1,1,1
Icterus chrysocephalus,1,1,1
Icterus croconotus,1,1,1
Icterus cucullatus,1,1,"2, 1, 4"
Icterus fuertesi,1,1,"3, 2, 4"
Icterus galbula,1,1,"3, 4"
Icterus graceannae,1,1,1
Icterus graduacauda,1,1,1
Icterus gularis,1,1,1
Icterus icterus,1,1,1
Icterus jamacaii,1,1,1
Icterus maculialatus,1,1,1
Icterus mesomelas,1,1,1
Icterus nigrogularis,1,1,1
Icterus parisorum,1,1,"1, 3"
Icterus pectoralis,1,1,1
Icterus prosthemelas,1,1,1
Icterus pustulatus,1,1,1
Icterus pyrrhopterus,1,1,1
Icterus spurius,1,1,"4, 3"
Icterus wagleri,1,1,1
Ictinia mississippiensis,1,1,"4, 3"
Ictinia plumbea,1,1,"4, 2, 1"
Ilicura militaris,1,1,1
Inezia caudata,1,1,1
Inezia inornata,1,1,"3, 1"
Inezia subflava,1,1,1
Inezia tenuirostris,1,1,1
Iodopleura fusca,1,1,1
Iodopleura isabellae,1,1,1
Iodopleura pipra,"4, 1, 3",1,1
Iridophanes pulcherrimus,1,1,1
Iridosornis analis,1,1,1
Iridosornis jelskii,1,1,1
Iridosornis porphyrocephalus,1,1,1
Iridosornis reinhardti,1,1,1
Iridosornis rufivertex,1,1,1
Isleria guttata,1,1,1
Isleria hauxwelli,1,1,1
Islerothraupis cristata,1,1,1
Islerothraupis luctuosa,1,1,1
Islerothraupis rufiventer,1,1,1
Ixobrychus exilis,1,1,"4, 3, 1"
Ixobrychus involucris,1,1,1
Jabiru mycteria,1,1,1
Jacamaralcyon tridactyla,1,1,1
Jacamerops aureus,1,1,1
Jacana jacana,1,1,1
Jacana spinosa,1,1,1
Junco hyemalis,1,1,3
Junco phaeonotus,1,1,1
Junco vulcani,1,1,1
Klais guimeti,1,1,1
Kleinothraupis atropileus,1,1,1
Kleinothraupis auricularis,1,1,1
Kleinothraupis parodii,1,1,1
Kleinothraupis reyi,1,1,1
Knipolegus aterrimus,1,1,1
Knipolegus cabanisi,1,1,1
Knipolegus cyanirostris,1,1,"1, 3"
Knipolegus franciscanus,1,1,1
Knipolegus hudsoni,1,1,3
Knipolegus lophotes,1,1,1
Knipolegus nigerrimus,1,1,1
Knipolegus orenocensis,1,1,1
Knipolegus poecilocercus,1,1,1
Knipolegus poecilurus,1,1,1
Knipolegus sclateri,1,1,1
Knipolegus signatus,1,1,1
Lafresnaya lafresnayi,1,1,1
Lampornis amethystinus,1,1,1
Lampornis calolaemus,1,1,1
Lampornis castaneoventris,1,1,1
Lampornis cinereicauda,1,1,1
Lampornis clemenciae,1,1,"1, 2"
Lampornis hemileucus,1,1,1
Lampornis sybillae,1,1,1
Lampornis viridipallens,1,1,1
Lamprolaima rhami,1,1,1
Lampropsar tanagrinus,1,1,1
Lamprospiza melanoleuca,1,1,1
Laniisoma buckleyi,1,1,1
Laniisoma elegans,"4, 3, 1",1,1
Lanio aurantius,1,1,1
Lanio fulvus,1,1,1
Lanio leucothorax,1,1,1
Lanio versicolor,1,1,1
Laniocera hypopyrra,1,1,1
Laniocera rufescens,1,1,1
Lanius ludovicianus,1,1,"1, 3"
Larus atricilla,1,1,"1, 3"
Larus cirrocephalus,1,1,"1, 3"
Larus delawarensis,1,1,3
Larus dominicanus,1,1,1
Larus fuscus,1,1,3
Larus maculipennis,1,1,"3, 1"
Larus modestus,1,1,3
Larus philadelphia,1,1,3
Larus pipixcan,1,1,"4, 3"
Larus serranus,1,1,1
Larus smithsonianus,1,1,3
Laterallus albigularis,1,1,1
Laterallus exilis,1,1,1
Laterallus flaviventer,1,1,1
Laterallus jamaicensis,1,1,"3, 1"
Laterallus leucopyrrhus,1,1,1
Laterallus melanophaius,1,1,1
Laterallus ruber,1,1,1
Laterallus xenopterus,"1, 3",1,1
Lathrotriccus euleri,1,1,"1, 2"
Lathrotriccus griseipectus,"1, 4",1,1
Legatus leucophaius,1,1,"4, 2, 1"
Leiothlypis celata,1,1,3
Leiothlypis crissalis,1,1,4
Leiothlypis peregrina,1,1,"4, 3"
Leiothlypis ruficapilla,1,1,3
Leiothlypis virginiae,1,1,4
Leistes bellicosus,1,1,1
Leistes militaris,1,1,1
Leistes superciliaris,1,1,"1, 3"
Lepidocolaptes affinis,1,1,1
Lepidocolaptes albolineatus,1,1,1
Lepidocolaptes angustirostris,1,1,1
Lepidocolaptes duidae,1,1,1
Lepidocolaptes falcinellus,1,1,1
Lepidocolaptes fatimalimae,1,1,1
Lepidocolaptes fuscicapillus,1,1,1
Lepidocolaptes lacrymiger,1,1,1
Lepidocolaptes leucogaster,1,1,1
Lepidocolaptes neglectus,1,1,1
Lepidocolaptes souleyetii,1,1,1
Lepidocolaptes squamatus,1,1,1
Lepidothrix coeruleocapilla,1,1,1
Lepidothrix coronata,1,1,1
Lepidothrix iris,1,1,1
Lepidothrix isidorei,1,1,1
Lepidothrix nattereri,1,1,1
Lepidothrix serena,1,1,1
Lepidothrix suavissima,1,1,1
Lepidothrix vilasboasi,1,1,1
Leptasthenura andicola,1,1,1
Leptasthenura setaria,1,1,1
Leptasthenura striolata,1,1,1
Leptodon cayanensis,1,1,1
Leptodon forbesi,1,1,1
Leptopogon albidiventer,1,1,1
Leptopogon amaurocephalus,1,1,1
Leptopogon rufipectus,1,1,1
Leptopogon superciliaris,1,1,1
Leptopogon taczanowskii,1,1,1
Leptosittaca branickii,1,1,1
Leptotila battyi,1,1,1
Leptotila cassinii,1,1,1
Leptotila jamaicensis,1,1,1
Leptotila megalura,1,1,1
Leptotila ochraceiventris,"1, 3",1,1
Leptotila pallida,1,1,1
Leptotila plumbeiceps,1,1,1
Leptotila rufaxilla,1,1,1
Leptotila verreauxi,1,1,1
Leptotrygon veraguensis,1,1,1
Lesbia nuna,1,1,1
Lessonia oreas,1,1,1
Lessonia rufa,1,1,3
Leucippus chlorocercus,1,1,1
Leucippus fallax,1,1,1
Leucippus taczanowskii,1,1,1
Leucocarbo bougainvilliorum,1,1,3
Leucochloris albicollis,1,1,1
Leuconotopicus fumigatus,1,1,1
Leuconotopicus stricklandi,1,1,1
Leuconotopicus villosus,1,1,1
Leucopternis kuhli,1,1,1
Leucopternis melanops,1,1,1
Leucopternis semiplumbeus,1,1,1
Limnoctites rectirostris,1,1,1
Limnodromus griseus,1,1,3
Limnodromus scolopaceus,1,1,3
Limnornis curvirostris,1,1,1
Limnothlypis swainsonii,1,1,"4, 3"
Limosa fedoa,1,1,3
Limosa haemastica,1,1,"3, 4"
Liosceles thoracicus,1,1,1
Lipaugus ater,1,1,1
Lipaugus conditus,"1, 3",1,1
Lipaugus fuscocinereus,1,1,1
Lipaugus lanioides,"1, 4, 3",1,1
Lipaugus streptophorus,1,1,1
Lipaugus unirufus,1,1,1
Lipaugus uropygialis,1,1,1
Lipaugus vociferans,1,1,1
Lochmias nematura,1,1,1
Lophonetta specularioides,1,1,1
Lophornis adorabilis,1,1,1
Lophornis chalybeus,1,1,1
Lophornis delattrei,"3, 1",1,1
Lophornis gouldii,1,1,1
Lophornis helenae,1,1,1
Lophornis magnificus,1,1,1
Lophornis ornatus,"3, 1",1,1
Lophornis pavoninus,"1, 3",1,1
Lophornis stictolophus,1,1,1
Lophornis verreauxii,1,1,1
Lophospingus griseocristatus,1,1,1
Lophostrix cristata,1,1,1
Lophotriccus eulophotes,1,1,1
Lophotriccus galeatus,1,1,1
Lophotriccus pileatus,1,1,1
Lophotriccus vitiosus,1,1,1
Loxia curvirostra,1,1,1
Lurocalis rufiventris,1,1,1
Lurocalis semitorquatus,1,1,1
Machaeropterus deliciosus,1,1,1
Machaeropterus eckelberryi,1,1,1
Machaeropterus pyrocephalus,1,1,1
Machaeropterus regulus,1,1,1
Machaeropterus striolatus,1,1,1
Machetornis rixosa,1,1,1
Mackenziaena leachii,1,1,1
Mackenziaena severa,1,1,1
Macroagelaius imthurni,1,1,1
Macroagelaius subalaris,4,1,1
Macronectes giganteus,1,1,1
Macronectes halli,1,1,1
Macropsalis forcipata,1,1,1
Malacoptila fulvogularis,1,1,1
Malacoptila fusca,1,1,1
Malacoptila minor,1,1,1
Malacoptila mystacalis,1,1,1
Malacoptila panamensis,1,1,1
Malacoptila rufa,1,1,1
Malacoptila semicincta,1,1,1
Malacoptila striata,1,1,1
Manacus aurantiacus,1,1,1
Manacus candei,1,1,1
Manacus manacus,1,1,1
Manacus vitellinus,1,1,1
Mareca americana,1,1,3
Mareca sibilatrix,1,1,3
Mareca strepera,1,1,3
Margarornis bellulus,"3, 1",1,1
Margarornis rubiginosus,1,1,1
Margarornis squamiger,1,1,1
Margarornis stellatus,1,1,1
Maschalethraupis surinama,1,1,1
Masius chrysopterus,1,1,1
Mazaria propinqua,1,1,1
Mecocerculus calopterus,1,1,1
Mecocerculus hellmayri,1,1,1
Mecocerculus leucophrys,1,1,1
Mecocerculus minor,1,1,1
Mecocerculus poecilocercus,1,1,1
Mecocerculus stictopterus,1,1,1
Megaceryle alcyon,1,1,3
Megaceryle torquata,1,1,1
Megarynchus pitangua,1,1,1
Megascops albogularis,1,1,1
Megascops asio,1,1,1
Megascops atricapilla,1,1,1
Megascops barbarus,1,1,1
Megascops choliba,1,1,1
Megascops clarkii,1,1,1
Megascops colombianus,1,1,1
Megascops cooperi,1,1,1
Megascops guatemalae,1,1,1
Megascops ingens,1,1,1
Megascops kennicottii,1,1,1
Megascops koepckeae,1,1,1
Megascops marshalli,1,1,1
Megascops petersoni,1,1,1
Megascops roboratus,1,1,1
Megascops sanctaecatarinae,1,1,1
Megascops trichopsis,1,1,1
Megascops vermiculatus,1,1,1
Megascops watsonii,1,1,1
Megastictus margaritatus,"1, 3",1,1
Megaxenops parnaguae,1,1,1
Melanerpes aurifrons,1,1,1
Melanerpes cactorum,1,1,1
Melanerpes candidus,1,1,1
Melanerpes chrysauchen,1,1,1
Melanerpes cruentatus,1,1,1
Melanerpes flavifrons,1,1,1
Melanerpes formicivorus,1,1,1
Melanerpes hoffmannii,1,1,1
Melanerpes pucherani,1,1,1
Melanerpes pulcher,1,1,1
Melanerpes pygmaeus,1,1,1
Melanerpes rubricapillus,1,1,1
Melanopareia elegans,1,1,1
Melanopareia maximiliani,1,1,1
Melanopareia torquata,1,1,1
Melanoptila glabrirostris,1,1,1
Melanospiza bicolor,1,1,1
Melanotis caerulescens,1,1,1
Melanotis hypoleucus,1,1,1
Meleagris gallopavo,1,1,1
Meleagris ocellata,"1, 4",1,1
Melospiza georgiana,1,1,3
Melospiza lincolnii,1,1,3
Melozone albicollis,1,1,1
Melozone biarcuata,1,1,1
Melozone cabanisi,1,1,1
Melozone fusca,1,1,1
Melozone kieneri,1,1,1
Melozone leucotis,1,1,1
Melozone occipitalis,1,1,1
Merganetta armata,1,1,1
Mergus octosetaceus,"1, 4",1,1
Mergus serrator,1,1,3
Merulaxis ater,1,1,1
Merulaxis stresemanni,"1, 3, 4",1,1
Mesembrinibis cayennensis,1,1,1
Metallura aeneocauda,1,1,1
Metallura eupogon,1,1,1
Metallura theresiae,1,1,1
Metallura tyrianthina,1,1,1
Metopothrix aurantiaca,1,1,1
Metriopelia ceciliae,1,1,1
Metriopelia melanoptera,1,1,1
Micrastur buckleyi,1,1,1
Micrastur gilvicollis,1,1,1
Micrastur mintoni,1,1,1
Micrastur mirandollei,1,1,1
Micrastur plumbeus,"4, 1, 3",1,1
Micrastur ruficollis,1,1,1
Micrastur semitorquatus,1,1,1
Micrathene whitneyi,1,1,4
Microbates cinereiventris,1,1,1
Microbates collaris,1,1,1
Microcerculus bambla,1,1,1
Microcerculus marginatus,1,1,1
Microcerculus philomela,1,1,1
Microcerculus ustulatus,1,1,1
Microchera albocoronata,1,1,1
Micromonacha lanceolata,1,1,1
Micropygia schomburgkii,1,1,1
Microrhopias quixensis,1,1,1
Microspingus cabanisi,1,1,1
Microspingus cinereus,"3, 4, 1",1,1
Microspingus erythrophrys,1,1,1
Microspingus lateralis,1,1,1
Microspingus melanoleucus,1,1,1
Microspingus torquatus,1,1,1
Microspingus trifasciatus,1,1,1
Microstilbon burmeisteri,1,1,1
Microxenops milleri,1,1,1
Milvago chimachima,1,1,1
Mimus gilvus,1,"1, 3",1
Mimus longicaudatus,1,1,1
Mimus polyglottos,1,1,"1, 3"
Mimus saturninus,1,1,1
Mimus triurus,1,1,1
Mionectes galbinus,1,1,1
Mionectes macconnelli,1,1,1
Mionectes oleagineus,1,1,1
Mionectes olivaceus,1,1,1
Mionectes roraimae,1,1,1
Mionectes rufiventris,1,1,1
Mionectes striaticollis,1,1,1
Mitrephanes olivaceus,1,1,1
Mitrephanes phaeocercus,1,1,1
Mitrospingus cassinii,1,1,1
Mitrospingus oleagineus,1,1,1
Mitu mitu,5,1,1
Mitu salvini,1,1,1
Mitu tomentosum,1,1,1
Mitu tuberosum,1,1,1
Mniotilta varia,1,1,3
Molothrus aeneus,1,1,"1, 2"
Molothrus ater,1,1,"1, 3"
Molothrus bonariensis,1,1,1
Molothrus oryzivorus,1,1,1
Molothrus rufoaxillaris,1,1,1
Momotus aequatorialis,1,1,1
Momotus coeruliceps,1,1,1
Momotus lessonii,1,1,1
Momotus mexicanus,1,1,1
Momotus momota,1,1,1
Momotus subrufescens,1,1,1
Monasa atra,1,1,1
Monasa flavirostris,1,1,1
Monasa morphoeus,1,1,1
Monasa nigrifrons,1,1,1
Morococcyx erythropygus,1,1,1
Morphnarchus princeps,1,1,1
Morphnus guianensis,1,1,1
Muscigralla brevicauda,1,1,1
Muscipipra vetula,1,1,1
Muscisaxicola albilora,1,1,3
Muscisaxicola capistratus,1,1,3
Muscisaxicola cinereus,1,1,3
Muscisaxicola flavinucha,1,1,3
Muscisaxicola fluviatilis,1,1,1
Muscisaxicola griseus,1,1,1
Muscisaxicola juninensis,1,1,1
Muscisaxicola maculirostris,1,1,1
Muscisaxicola occipitalis,1,1,1
Myadestes coloratus,"1, 3",1,1
Myadestes melanops,1,1,1
Myadestes occidentalis,1,1,1
Myadestes ralloides,1,1,1
Myadestes unicolor,1,1,1
Mycteria americana,1,1,1
Myiarchus apicalis,1,1,1
Myiarchus cephalotes,1,1,1
Myiarchus cinerascens,1,1,"4, 2, 3"
Myiarchus crinitus,1,1,"3, 1, 4"
Myiarchus ferox,1,1,1
Myiarchus nuttingi,1,1,1
Myiarchus panamensis,1,1,1
Myiarchus phaeocephalus,1,1,1
Myiarchus swainsoni,1,1,"2, 3, 1"
Myiarchus tuberculifer,1,1,1
Myiarchus tyrannulus,1,1,"1, 2"
Myiarchus venezuelensis,1,1,1
Myiarchus yucatanensis,1,1,1
Myiobius atricaudus,1,1,1
Myiobius barbatus,1,1,1
Myiobius sulphureipygius,1,1,1
Myiobius villosus,1,1,1
Myioborus castaneocapilla,1,1,1
Myioborus melanocephalus,1,1,1
Myioborus pictus,1,1,1
Myioborus torquatus,1,1,1
Myiodynastes bairdii,1,1,1
Myiodynastes chrysocephalus,1,1,1
Myiodynastes hemichrysus,1,1,1
Myiodynastes luteiventris,1,1,"2, 3, 4"
Myiodynastes maculatus,1,1,"2, 4, 1"
Myiodynastes solitarius,1,1,"2, 3, 1"
Myiopagis caniceps,1,1,1
Myiopagis cinerea,1,1,1
Myiopagis flavivertex,1,1,1
Myiopagis gaimardii,1,1,1
Myiopagis olallai,1,1,1
Myiopagis parambae,1,1,1
Myiopagis subplacens,1,1,1
Myiopagis viridicata,1,1,1
Myiophobus crypterythrus,1,1,1
Myiophobus cryptoxanthus,1,1,1
Myiophobus fasciatus,1,1,1
Myiophobus flavicans,1,1,1
Myiophobus inornatus,1,1,1
Myiophobus phoenicomitra,1,1,1
Myiophobus roraimae,1,1,1
Myiopsitta monachus,1,"1, 3",1
Myiornis albiventris,1,1,1
Myiornis atricapillus,1,1,1
Myiornis auricularis,1,1,1
Myiornis ecaudatus,1,1,1
Myiotheretes fumigatus,1,1,1
Myiotheretes fuscorufus,1,1,1
Myiotheretes striaticollis,1,1,1
Myiothlypis bivittata,1,1,1
Myiothlypis chlorophrys,1,1,1
Myiothlypis chrysogaster,1,1,1
Myiothlypis cinereicollis,1,1,1
Myiothlypis coronata,1,1,1
Myiothlypis euophrys,1,1,1
Myiothlypis flaveola,1,1,1
Myiothlypis fraseri,1,1,1
Myiothlypis fulvicauda,1,1,1
Myiothlypis leucoblephara,1,1,1
Myiothlypis leucophrys,1,1,1
Myiothlypis luteoviridis,1,1,1
Myiothlypis mesoleuca,1,1,1
Myiothlypis nigrocristata,1,1,1
Myiothlypis rivularis,1,1,1
Myiothlypis roraimae,1,1,1
Myiothlypis signata,1,1,1
Myiothlypis striaticeps,1,1,1
Myiotriccus ornatus,1,1,1
Myiotriccus phoenicurus,1,1,1
Myiozetetes cayanensis,1,1,1
Myiozetetes granadensis,1,1,1
Myiozetetes luteiventris,1,1,1
Myiozetetes similis,1,1,1
Myornis senilis,1,1,1
Myrmeciza longipes,1,1,1
Myrmelastes brunneiceps,1,1,1
Myrmelastes caurensis,1,1,1
Myrmelastes humaythae,1,1,1
Myrmelastes hyperythrus,1,1,1
Myrmelastes leucostigma,1,1,1
Myrmelastes rufifacies,1,1,1
Myrmelastes saturatus,1,1,1
Myrmelastes schistaceus,"1, 3",1,1
Myrmia micrura,1,1,1
Myrmoborus leucophrys,"1, 3",1,1
Myrmoborus lophotes,1,1,1
Myrmoborus lugubris,1,1,1
Myrmoborus melanurus,1,1,1
Myrmoborus myotherinus,1,1,1
Myrmochanes hemileucus,1,1,1
Myrmoderus eowilsoni,1,1,1
Myrmoderus ferrugineus,1,1,1
Myrmoderus loricatus,1,1,1
Myrmoderus ruficauda,"4, 3, 1",1,1
Myrmoderus squamosus,1,1,1
Myrmophylax atrothorax,1,1,1
Myrmorchilus strigilatus,1,1,1
Myrmornis stictoptera,1,1,1
Myrmornis torquata,1,1,1
Myrmothera campanisona,1,1,1
Myrmothera simplex,1,1,1
Myrmotherula ambigua,1,1,1
Myrmotherula assimilis,1,1,1
Myrmotherula axillaris,1,1,1
Myrmotherula behni,1,1,1
Myrmotherula brachyura,1,1,1
Myrmotherula cherriei,1,1,1
Myrmotherula grisea,1,1,1
Myrmotherula ignota,1,1,1
Myrmotherula iheringi,1,1,1
Myrmotherula klagesi,"3, 1",1,1
Myrmotherula longicauda,1,1,1
Myrmotherula longipennis,1,1,1
Myrmotherula luctuosa,1,1,1
Myrmotherula menetriesii,1,1,1
Myrmotherula minor,"1, 3, 4",1,1
Myrmotherula multostriata,1,1,1
Myrmotherula pacifica,1,1,1
Myrmotherula schisticolor,1,1,1
Myrmotherula sclateri,1,1,1
Myrmotherula snowi,"1, 4",1,1
Myrmotherula sunensis,1,1,1
Myrmotherula surinamensis,1,1,1
Myrmotherula unicolor,"3, 1",1,1
Myrmotherula urosticta,"4, 1, 3",1,1
Myrtis fanny,1,1,1
Nannopsittaca dachilleae,1,1,1
Nannopsittaca panychlora,1,1,1
Nannopterum auritus,1,1,"1, 3"
Nannopterum brasilianus,1,1,1
Nasica longirostris,1,1,1
Nemosia pileata,1,1,1
Nemosia rourei,"4, 3, 1",1,1
Neochen jubata,1,1,1
Neocrex colombiana,1,1,1
Neocrex erythrops,1,1,1
Neoctantes niger,"1, 3",1,1
Neomorphus geoffroyi,"4, 5, 1",1,1
Neomorphus pucheranii,1,1,1
Neomorphus radiolosus,1,1,1
Neomorphus rufipennis,1,1,1
Neopelma aurifrons,"4, 1",1,1
Neopelma chrysocephalum,1,1,1
Neopelma chrysolophum,1,1,1
Neopelma pallescens,1,1,1
Neopelma sulphureiventer,1,1,1
Neopipo cinnamomea,1,1,1
Neothraupis fasciata,1,1,1
Nephelomyias ochraceiventris,1,1,1
Nephelomyias pulcher,1,1,1
Nephelornis oneilli,1,1,1
Netta erythrophthalma,1,1,1
Netta peposaca,1,1,1
Nomonyx dominicus,1,1,1
Nonnula amaurocephala,1,1,1
Nonnula brunnea,1,1,1
Nonnula frontalis,1,1,1
Nonnula rubecula,1,1,1
Nonnula ruficapilla,1,1,1
Nonnula sclateri,1,1,1
Notharchus hyperrhynchus,1,1,1
Notharchus macrorhynchos,1,1,1
Notharchus ordii,1,1,1
Notharchus pectoralis,1,1,1
Notharchus subtectus,1,1,1
Notharchus swainsoni,1,1,1
Notharchus tectus,1,1,1
Nothocercus bonapartei,1,1,1
Nothocercus julius,1,1,1
Nothocercus nigrocapillus,1,1,1
Nothocrax urumutum,1,1,1
Nothoprocta curvirostris,1,1,1
Nothoprocta ornata,1,1,1
Nothoprocta taczanowskii,3,1,1
Nothura boraquira,1,1,1
Nothura darwinii,1,1,1
Nothura maculosa,1,1,1
Nothura minor,"1, 4",1,1
Numenius americanus,1,1,3
Numenius borealis,4,1,3
Numenius phaeopus,1,1,3
Nyctanassa violacea,1,1,"1, 3"
Nyctibius aethereus,1,1,1
Nyctibius grandis,1,1,1
Nyctibius griseus,1,1,1
Nyctibius jamaicensis,1,1,1
Nyctibius leucopterus,"1, 3",1,1
Nyctibius maculosus,1,1,1
Nycticorax nycticorax,1,1,"3, 1"
Nycticryphes semicollaris,1,1,1
Nyctidromus albicollis,1,1,1
Nyctidromus anthonyi,1,1,1
Nyctiphrynus ocellatus,1,1,1
Nyctiphrynus rosenbergi,1,1,1
Nyctiphrynus yucatanicus,1,1,1
Nyctipolus hirundinaceus,1,1,1
Nyctipolus nigrescens,1,1,1
Nyctiprogne leucopyga,1,1,1
Nystactes noanamae,"3, 1",1,1
Nystactes tamatia,1,1,1
Nystalus chacuru,1,1,1
Nystalus maculatus,1,1,1
Nystalus radiatus,1,1,1
Nystalus striolatus,1,1,1
Oceanites gracilis,1,1,1
Oceanites oceanicus,1,1,3
Ochthoeca cinnamomeiventris,1,1,1
Ochthoeca fumicolor,1,1,1
Ochthoeca nigrita,1,1,1
Ochthoeca oenanthoides,1,1,1
Ochthoeca rufipectoralis,1,1,1
Ochthoeca thoracica,1,1,1
Ochthornis littoralis,1,1,1
Ocreatus underwoodii,1,1,1
Odontophorus balliviani,1,1,1
Odontophorus capueira,1,1,1
Odontophorus dialeucos,1,1,1
Odontophorus erythrops,1,1,1
Odontophorus gujanensis,1,1,1
Odontophorus guttatus,1,1,1
Odontophorus leucolaemus,1,1,1
Odontophorus melanotis,1,1,1
Odontophorus speciosus,1,1,1
Odontophorus stellatus,1,1,1
Odontorchilus branickii,1,1,1
Odontorchilus cinereus,1,1,1
Ognorhynchus icterotis,"1, 4",1,1
Oncostoma cinereigulare,1,1,1
Oncostoma olivaceum,1,1,1
Oneillornis lunulatus,1,1,1
Oneillornis salvini,1,1,1
Onychoprion anaethetus,1,1,"2, 3"
Onychoprion fuscatus,1,1,"2, 3"
Onychorhynchus coronatus,1,1,1
Onychorhynchus mexicanus,1,1,1
Onychorhynchus occidentalis,"3, 4, 1",1,1
Onychorhynchus swainsoni,"1, 3",1,1
Opisthocomus hoazin,1,1,1
Opisthoprora euryptera,1,1,1
Oporornis agilis,1,1,3
Orchesticus abeillei,1,1,1
Oreonympha nobilis,1,1,1
Oreophasis derbianus,"1, 3",1,1
Oreopholus ruficollis,1,1,3
Oreopsar bolivianus,1,1,1
Oreoscoptes montanus,1,1,3
Oreothlypis gutturalis,1,1,1
Oreothlypis superciliosa,1,1,1
Oreothraupis arremonops,1,1,1
Oreotrochilus melanogaster,1,1,1
Oreotrochilus stolzmanni,1,1,1
Oriturus superciliosus,1,1,1
Ornithion brunneicapillus,1,1,1
Ornithion inerme,1,1,1
Ornithion semiflavum,1,1,1
Orochelidon flavipes,1,1,1
Orochelidon murina,1,1,1
Ortalis araucuan,1,1,1
Ortalis canicollis,1,1,1
Ortalis cinereiceps,1,1,1
Ortalis columbiana,1,1,1
Ortalis erythroptera,1,1,1
Ortalis garrula,1,1,1
Ortalis guttata,1,1,1
Ortalis leucogastra,1,1,1
Ortalis motmot,1,1,1
Ortalis poliocephala,1,1,1
Ortalis ruficauda,1,1,1
Ortalis squamata,1,1,1
Ortalis superciliaris,"1, 3",1,1
Ortalis vetula,1,1,1
Orthogonys chloricterus,1,1,1
Orthopsittaca manilatus,1,1,1
Oxyruncus cristatus,1,1,1
Oxyura ferruginea,1,1,1
Oxyura jamaicensis,1,1,"3, 1"
Oxyura vittata,1,1,3
Pachyptila belcheri,1,1,1
Pachyptila desolata,1,1,1
Pachyramphus aglaiae,1,1,"2, 1"
Pachyramphus albogriseus,1,1,1
Pachyramphus castaneus,1,1,1
Pachyramphus cinnamomeus,1,1,1
Pachyramphus griseigularis,1,1,1
Pachyramphus homochrous,1,1,1
Pachyramphus major,1,1,1
Pachyramphus marginatus,1,1,1
Pachyramphus minor,1,1,1
Pachyramphus polychopterus,1,1,1
Pachyramphus rufus,1,1,1
Pachyramphus spodiurus,1,1,1
Pachyramphus surinamus,1,1,1
Pachyramphus validus,1,1,1
Pachyramphus versicolor,1,1,1
Pachyramphus viridis,1,1,1
Pachyramphus xanthogenys,1,1,1
Pachysylvia aurantiifrons,1,1,1
Pachysylvia decurtata,1,1,1
Pachysylvia hypoxantha,1,1,1
Pachysylvia muscicapina,1,1,1
Pachysylvia semibrunnea,1,1,1
Pandion haliaetus,1,1,"4, 3, 1"
Panterpe insignis,1,1,1
Panyptila cayennensis,1,1,1
Panyptila sanctihieronymi,1,1,1
Parabuteo leucorrhous,1,1,1
Parabuteo unicinctus,1,1,1
Paraclaravis geoffroyi,"4, 1",1,1
Paraclaravis mondetoura,1,1,1
Pardirallus maculatus,1,1,1
Pardirallus nigricans,1,1,1
Pardirallus sanguinolentus,1,1,1
Parkerthraustes humeralis,1,1,1
Parkesia motacilla,1,1,"3, 4"
Parkesia noveboracensis,1,1,"4, 3"
Paroaria baeri,1,1,1
Paroaria capitata,1,1,1
Paroaria coronata,1,1,1
Paroaria dominicana,1,1,1
Paroaria gularis,1,1,1
Paroaria nigrogenis,1,1,1
Passer domesticus,1,3,1
Passerculus sandwichensis,1,1,"3, 1"
Passerina caerulea,1,1,"3, 1, 2"
Passerina ciris,1,1,"3, 4"
Passerina cyanea,1,1,"4, 3"
Passerina rositae,1,1,1
Passerina versicolor,1,1,"2, 1, 3"
Patagioenas albilinea,1,1,1
Patagioenas albipennis,1,1,1
Patagioenas cayennensis,1,1,1
Patagioenas corensis,1,1,1
Patagioenas fasciata,1,1,1
Patagioenas flavirostris,1,1,1
Patagioenas goodsoni,1,1,1
Patagioenas leucocephala,1,1,1
Patagioenas maculosa,1,1,1
Patagioenas nigrirostris,1,1,1
Patagioenas picazuro,1,1,1
Patagioenas plumbea,1,1,1
Patagioenas speciosa,"1, 3",1,1
Patagioenas subvinacea,1,1,1
Patagona gigas,1,1,1
Pauxi koepckeae,1,1,1
Pauxi pauxi,"1, 3",1,1
Pauxi unicornis,1,1,1
Pelecanus erythrorhynchos,1,1,3
Pelecanus occidentalis,1,1,"3, 1"
Pelecanus thagus,1,1,3
Penelope argyrotis,1,1,1
Penelope barbata,3,1,1
Penelope jacquacu,1,1,1
Penelope jacucaca,1,1,1
Penelope marail,1,1,1
Penelope montagnii,1,1,1
Penelope obscura,1,1,1
Penelope ochrogaster,1,1,1
Penelope ortoni,1,1,1
Penelope pileata,1,1,1
Penelope purpurascens,1,1,1
Penelope superciliaris,1,1,1
Penelopina nigra,1,1,1
Percnostola arenarum,1,1,1
Percnostola rufifrons,1,1,1
Perissocephalus tricolor,1,1,1
Petrochelidon fulva,1,1,"1, 4, 3"
Petrochelidon pyrrhonota,1,1,"2, 4, 3"
Petrochelidon rufocollaris,1,1,1
Peucaea botterii,1,1,1
Peucaea cassinii,1,1,"1, 3"
Peucaea mystacalis,1,1,1
Peucaea ruficauda,1,1,1
Peucedramus taeniatus,1,1,1
Pezopetes capitalis,1,1,1
Phacellodomus erythrophthalmus,1,1,1
Phacellodomus ferrugineigula,1,1,1
Phacellodomus ruber,1,1,1
Phacellodomus rufifrons,1,1,1
Phacellodomus striaticollis,1,1,1
Phaenostictus mcleannani,1,1,1
Phaeomyias murina,1,1,1
Phaeomyias tumbezana,1,1,1
Phaethon aethereus,1,1,"3, 2"
Phaethon lepturus,1,1,3
Phaethornis aethopygus,1,1,1
Phaethornis anthophilus,1,1,1
Phaethornis atrimentalis,1,1,1
Phaethornis augusti,1,1,1
Phaethornis baroni,1,1,1
Phaethornis bourcieri,1,1,1
Phaethornis eurynome,1,1,1
Phaethornis griseogularis,1,1,1
Phaethornis guy,1,1,1
Phaethornis hispidus,1,1,1
Phaethornis idaliae,1,1,1
Phaethornis koepckeae,1,1,1
Phaethornis longirostris,1,1,1
Phaethornis longuemareus,1,1,1
Phaethornis major,1,1,1
Phaethornis malaris,"3, 1",1,1
Phaethornis nattereri,"1, 3",1,1
Phaethornis philippii,1,1,1
Phaethornis pretrei,1,1,1
Phaethornis ruber,1,1,1
Phaethornis rupurumii,1,1,1
Phaethornis squalidus,1,1,1
Phaethornis striigularis,1,1,1
Phaethornis stuarti,1,1,1
Phaethornis subochraceus,1,1,1
Phaethornis superciliosus,1,1,1
Phaethornis syrmatophorus,1,1,1
Phaethornis yaruqui,1,1,1
Phaetusa simplex,"5, 1",1,1
Phainopepla nitens,1,1,"3, 1"
Phainoptila melanoxantha,1,1,1
Phalaenoptilus nuttallii,1,1,1
Phalaropus lobatus,1,1,3
Phalcoboenus carunculatus,1,1,1
Phalcoboenus chimango,1,1,"3, 1"
Phalcoboenus megalopterus,1,1,1
Pharomachrus antisianus,1,1,1
Pharomachrus auriceps,1,1,1
Pharomachrus mocinno,1,1,1
Pharomachrus pavoninus,1,1,1
Pheucticus aureoventris,1,1,"1, 3"
Pheucticus chrysogaster,1,1,1
Pheucticus chrysopeplus,1,1,1
Pheucticus ludovicianus,1,1,"3, 4"
Pheucticus melanocephalus,1,1,"1, 3"
Pheucticus tibialis,1,1,1
Pheugopedius atrogularis,1,1,1
Pheugopedius coraya,1,1,1
Pheugopedius eisenmanni,1,1,1
Pheugopedius fasciatoventris,1,1,1
Pheugopedius felix,1,1,1
Pheugopedius genibarbis,1,1,1
Pheugopedius maculipectus,1,1,1
Pheugopedius mystacalis,1,1,1
Pheugopedius paucimaculatus,1,1,1
Pheugopedius rutilus,1,1,1
Pheugopedius schulenbergi,1,1,1
Pheugopedius spadix,1,1,1
Phibalura flavirostris,1,1,"2, 1"
Philohydor lictor,1,1,1
Philydor atricapillus,1,1,1
Philydor erythrocercum,1,1,1
Philydor erythropterum,1,1,1
Philydor fuscipenne,1,1,1
Philydor novaesi,5,1,1
Philydor pyrrhodes,1,1,1
Philydor rufum,1,1,1
Phimosus infuscatus,1,1,1
Phlegopsis borbae,1,1,1
Phlegopsis erythroptera,1,1,1
Phlegopsis nigromaculata,1,1,1
Phleocryptes melanops,1,1,1
Phlogophilus harterti,1,1,1
Phlogophilus hemileucurus,1,1,1
Phoebastria irrorata,1,1,1
Phoebetria fusca,1,1,1
Phoenicircus carnifex,1,1,1
Phoenicircus nigricollis,1,1,1
Phoenicopterus chilensis,1,1,1
Phoenicopterus ruber,1,1,"3, 1"
Phrygilus punensis,1,1,1
Phyllaemulor bracteatus,"3, 1",1,1
Phyllomyias burmeisteri,1,1,1
Phyllomyias cinereiceps,1,1,1
Phyllomyias fasciatus,1,1,1
Phyllomyias griseiceps,1,1,1
Phyllomyias griseocapilla,1,1,1
Phyllomyias nigrocapillus,1,1,1
Phyllomyias plumbeiceps,1,1,1
Phyllomyias reiseri,1,1,1
Phyllomyias sclateri,1,1,1
Phyllomyias uropygialis,1,1,1
Phyllomyias virescens,1,1,1
Phyllomyias weedeni,1,1,1
Phyllomyias zeledoni,1,1,1
Phylloscartes beckeri,1,1,1
Phylloscartes ceciliae,1,1,1
Phylloscartes difficilis,1,1,1
Phylloscartes flavovirens,1,1,1
Phylloscartes gualaquizae,1,1,1
Phylloscartes kronei,1,1,1
Phylloscartes nigrifrons,1,1,1
Phylloscartes oustaleti,1,1,1
Phylloscartes parkeri,1,1,1
Phylloscartes paulista,"4, 3, 1",1,1
Phylloscartes roquettei,1,1,1
Phylloscartes superciliaris,1,1,1
Phylloscartes sylviolus,1,1,1
Phylloscartes ventralis,1,1,1
Phylloscartes virescens,1,1,1
Phytotoma rutila,1,1,3
Piaya cayana,1,1,1
Piaya melanogaster,1,1,1
Piculus aurulentus,1,1,1
Piculus callopterus,1,1,1
Piculus chrysochloros,1,1,1
Piculus flavigula,1,1,1
Piculus leucolaemus,1,1,1
Piculus litae,1,1,1
Piculus simplex,1,1,1
Picumnus albosquamatus,1,1,1
Picumnus aurifrons,1,1,1
Picumnus castelnau,1,1,1
Picumnus cinnamomeus,1,1,1
Picumnus cirratus,1,1,1
Picumnus dorbignyanus,1,1,1
Picumnus exilis,"3, 1",1,1
Picumnus fulvescens,1,1,1
Picumnus fuscus,1,1,1
Picumnus granadensis,1,1,1
Picumnus lafresnayi,1,1,1
Picumnus minutissimus,1,1,1
Picumnus nebulosus,1,1,1
Picumnus nigropunctatus,1,1,1
Picumnus olivaceus,1,1,1
Picumnus pumilus,1,1,1
Picumnus pygmaeus,1,1,1
Picumnus rufiventris,1,1,1
Picumnus sclateri,1,1,1
Picumnus spilogaster,"3, 1",1,1
Picumnus squamulatus,1,1,1
Picumnus steindachneri,1,1,1
Picumnus subtilis,1,1,1
Picumnus temminckii,1,1,1
Picumnus varzeae,1,1,1
Pilherodius pileatus,1,1,1
Pionites leucogaster,1,1,1
Pionites melanocephalus,1,1,1
Pionites xanthomerius,1,1,1
Pionites xanthurus,1,1,1
Pionopsitta pileata,1,1,1
Pionus chalcopterus,1,1,1
Pionus fuscus,1,1,1
Pionus maximiliani,1,1,1
Pionus menstruus,1,1,1
Pionus reichenowi,1,1,1
Pionus senilis,1,1,1
Pionus seniloides,1,1,1
Pionus sordidus,"3, 1",1,1
Pionus tumultuosus,1,1,1
Pipile cujubi,1,1,1
Pipile cumanensis,"1, 3",1,1
Pipile grayi,1,1,1
Pipile jacutinga,"4, 1","1, 2",1
Pipilo chlorurus,1,1,3
Pipilo maculatus,1,1,"3, 1"
Pipilo ocai,1,1,1
Pipra aureola,1,1,1
Pipra fasciicauda,1,1,1
Pipra filicauda,1,1,1
Pipraeidea bonariensis,1,1,"1, 3"
Pipraeidea darwinii,1,1,1
Pipraeidea melanonota,1,1,1
Pipreola arcuata,1,1,1
Pipreola aureopectus,1,1,1
Pipreola chlorolepidota,1,1,1
Pipreola frontalis,1,1,1
Pipreola intermedia,1,1,1
Pipreola jucunda,1,1,1
Pipreola lubomirskii,1,1,1
Pipreola pulchra,1,1,1
Pipreola riefferii,1,1,1
Pipreola squamipectus,1,1,1
Pipreola whitelyi,1,1,1
Piprites chloris,1,1,1
Piprites griseiceps,1,1,1
Piprites pileata,1,1,1
Piranga bidentata,1,1,1
Piranga erythrocephala,1,1,1
Piranga flava,1,1,1
Piranga hepatica,1,1,"1, 4"
Piranga ludoviciana,1,1,"4, 3"
Piranga olivacea,1,1,"4, 3"
Piranga roseogularis,1,1,1
Piranga rubra,1,1,"3, 4"
Piranga rubriceps,1,1,1
Pitangus sulphuratus,1,1,1
Pithys albifrons,1,1,1
Pithys castaneus,"3, 1",1,1
Pittasoma michleri,1,1,1
Pittasoma rufopileatum,1,1,1
Platalea ajaja,1,1,"3, 1, 2"
Platyrinchus albogularis,1,1,1
Platyrinchus cancrominus,1,1,1
Platyrinchus coronatus,1,1,1
Platyrinchus flavigularis,1,1,1
Platyrinchus leucoryphus,"1, 4, 3",1,1
Platyrinchus mystaceus,"3, 1",1,1
Platyrinchus platyrhynchos,1,1,1
Platyrinchus saturatus,1,1,1
Plegadis chihi,1,1,"3, 1"
Plegadis falcinellus,1,1,"1, 4, 3"
Pluvialis dominica,1,1,"4, 3"
Pluvialis squatarola,1,1,"4, 3"
Podiceps auritus,1,1,3
Podiceps juninensis,1,1,1
Podiceps major,1,1,1
Podiceps nigricollis,1,1,3
Podiceps occipitalis,1,1,3
Podilymbus podiceps,1,1,"1, 3"
Poecile sclateri,1,1,1
Poecilotriccus albifacies,1,1,1
Poecilotriccus calopterus,1,1,1
Poecilotriccus capitalis,1,1,1
Poecilotriccus fumifrons,1,1,1
Poecilotriccus latirostris,1,1,1
Poecilotriccus plumbeiceps,1,1,1
Poecilotriccus pulchellus,1,1,1
Poecilotriccus ruficeps,1,1,1
Poecilotriccus senex,1,1,1
Poecilotriccus sylvia,1,1,1
Pogonotriccus chapmani,1,1,1
Pogonotriccus eximius,1,1,1
Pogonotriccus lanyoni,"3, 1",1,1
Pogonotriccus ophthalmicus,1,1,1
Pogonotriccus orbitalis,1,1,1
Pogonotriccus poecilotis,1,1,1
Poliocrania exsul,1,1,1
Poliocrania maculifer,1,1,1
Polioptila albiloris,1,1,1
Polioptila caerulea,1,1,"1, 3"
Polioptila dumicola,1,1,1
Polioptila guianensis,1,1,1
Polioptila lactea,1,1,1
Polioptila maior,1,1,1
Polioptila melanura,1,1,1
Polioptila plumbea,1,1,1
Polioptila schistaceigula,1,1,1
Polioxolmis rufipennis,1,1,1
Polystictus pectoralis,"1, 5, 4",1,1
Polystictus superciliaris,1,1,1
Polytmus guainumbi,1,1,1
Polytmus milleri,1,1,1
Polytmus theresiae,1,1,1
Pooecetes gramineus,1,1,3
Poospiza hispaniolensis,1,1,1
Poospiza nigrorufa,1,1,"1, 3"
Poospiza rufosuperciliaris,"3, 1",1,1
Poospizopsis caesar,1,1,1
Porphyrio flavirostris,1,1,1
Porphyrio martinicus,1,1,1
Porphyriops melanops,1,1,1
Porphyrolaema porphyrolaema,1,1,1
Porphyrospiza caerulescens,1,1,1
Porzana albicollis,1,1,1
Porzana carolina,1,1,3
Porzana fasciata,1,1,1
Premnoplex brunnescens,1,1,1
Premnornis guttuliger,1,1,1
Primolius auricollis,1,1,1
Primolius couloni,1,1,1
Primolius maracana,"3, 1, 4",1,1
Procellaria aequinoctialis,1,1,1
Procellaria conspicillata,1,1,1
Procellaria parkinsoni,1,1,1
Procnias albus,1,1,1
Procnias averano,1,1,1
Procnias nudicollis,1,1,1
Procnias tricarunculatus,"1, 3",1,"2, 3"
Progne chalybea,1,1,"2, 1"
Progne elegans,1,1,3
Progne subis,1,1,"4, 3"
Progne tapera,1,1,"3, 1"
Protonotaria citrea,1,1,"3, 4"
Psaltriparus minimus,1,1,1
Psarocolius angustifrons,1,1,1
Psarocolius atrovirens,1,1,1
Psarocolius bifasciatus,1,1,1
Psarocolius cassini,"1, 3",1,1
Psarocolius decumanus,1,1,1
Psarocolius guatimozinus,1,1,1
Psarocolius montezuma,1,1,1
Psarocolius viridis,1,1,1
Psarocolius wagleri,1,1,1
Psarocolius yuracares,1,1,1
Pselliophorus luteoviridis,1,1,1
Pselliophorus tibialis,1,1,1
Pseudastur albicollis,1,1,1
Pseudastur occidentalis,"1, 3, 4",1,1
Pseudastur polionotus,"1, 4",1,1
Pseudelaenia leucospodia,1,1,1
Pseudocolaptes boissonneauii,1,1,1
Pseudocolaptes johnsoni,1,1,1
Pseudocolaptes lawrencii,1,1,1
Pseudocolopteryx acutipennis,1,1,"1, 3"
Pseudocolopteryx citreola,1,1,3
Pseudocolopteryx dinelliana,1,1,3
Pseudocolopteryx flaviventris,1,1,"3, 1"
Pseudocolopteryx sclateri,1,1,1
Pseudoleistes guirahuro,1,1,1
Pseudoleistes virescens,1,1,1
Pseudopipra pipra,1,1,1
Pseudoseisura cristata,1,1,1
Pseudoseisura unirufa,1,1,1
Pseudospingus verticalis,1,1,1
Pseudospingus xanthophthalmus,1,1,1
Pseudotriccus pelzelni,1,1,1
Pseudotriccus ruficeps,1,1,1
Pseudotriccus simplex,1,1,1
Psilopsiagon aymara,1,1,1
Psilorhamphus guttatus,1,1,1
Psiloscops flammeolus,1,1,"1, 4, 3"
Psittacara acuticaudatus,1,1,1
Psittacara erythrogenys,1,1,1
Psittacara finschi,1,1,1
Psittacara frontatus,1,1,1
Psittacara holochlorus,1,1,1
Psittacara leucophthalmus,1,1,1
Psittacara mitratus,1,1,1
Psittacara rubritorquis,1,1,1
Psittacara wagleri,1,1,1
Psophia crepitans,1,1,1
Psophia dextralis,1,1,1
Psophia leucoptera,1,1,1
Psophia obscura,1,1,1
Psophia ochroptera,1,1,1
Psophia viridis,1,1,1
Pterodroma axillaris,1,1,1
Pterodroma cookii,1,1,1
Pterodroma deserta,1,1,1
Pterodroma hasitata,1,1,1
Pterodroma incerta,1,1,1
Pterodroma madeira,1,1,1
Pterodroma mollis,1,1,1
Pterodroma phaeopygia,1,1,1
Pteroglossus aracari,1,1,1
Pteroglossus azara,1,1,1
Pteroglossus bailloni,1,1,1
Pteroglossus beauharnaisii,1,1,1
Pteroglossus bitorquatus,1,1,1
Pteroglossus castanotis,1,1,1
Pteroglossus erythropygius,1,1,1
Pteroglossus frantzii,1,1,1
Pteroglossus humboldti,1,1,1
Pteroglossus inscriptus,1,1,1
Pteroglossus pluricinctus,1,1,1
Pteroglossus sanguineus,1,1,1
Pteroglossus sturmii,1,1,1
Pteroglossus torquatus,1,1,1
Pteroglossus viridis,1,1,1
Pterophanes cyanopterus,1,1,1
Ptiliogonys caudatus,1,1,1
Ptiliogonys cinereus,1,1,1
Puffinus lherminieri,1,1,1
Puffinus puffinus,1,1,1
Puffinus subalaris,1,1,3
Pulsatrix koeniswaldiana,1,1,1
Pulsatrix melanota,1,1,1
Pulsatrix perspicillata,1,1,1
Pygiptila stellaris,1,1,1
Pygochelidon cyanoleuca,1,1,1
Pygochelidon melanoleuca,1,1,1
Pyriglena atra,"1, 4",1,1
Pyriglena leuconota,1,1,1
Pyriglena leucoptera,1,1,1
Pyrilia aurantiocephala,1,1,1
Pyrilia barrabandi,1,1,1
Pyrilia caica,1,1,1
Pyrilia haematotis,1,1,1
Pyrilia pulchra,1,1,1
Pyrilia pyrilia,"4, 1",1,1
Pyrilia vulturina,1,1,1
Pyrocephalus rubinus,1,1,"3, 1, 4"
Pyroderus scutatus,1,1,1
Pyrrhomyias cinnamomeus,1,1,1
Pyrrhura albipectus,1,1,1
Pyrrhura amazonum,1,1,1
Pyrrhura caeruleiceps,1,1,1
Pyrrhura cruentata,"1, 4, 3",1,1
Pyrrhura egregia,1,1,1
Pyrrhura eisenmanni,1,1,1
Pyrrhura frontalis,1,1,1
Pyrrhura griseipectus,3,1,1
Pyrrhura hoffmanni,1,1,1
Pyrrhura lepida,1,1,1
Pyrrhura leucotis,1,1,1
Pyrrhura lucianii,1,1,1
Pyrrhura melanura,1,1,1
Pyrrhura molinae,1,1,1
Pyrrhura pacifica,1,1,1
Pyrrhura parvifrons,1,1,1
Pyrrhura perlata,1,1,1
Pyrrhura peruviana,1,1,1
Pyrrhura picta,1,1,1
Pyrrhura rhodocephala,1,1,1
Pyrrhura roseifrons,1,1,1
Pyrrhura rupicola,1,1,1
Pyrrhura snethlageae,1,1,1
Pyrrhura subandina,4,1,1
Querula purpurata,1,1,1
Quiscalus lugubris,1,1,1
Quiscalus mexicanus,1,1,1
Quiscalus nicaraguensis,1,1,1
Rallus crepitans,1,1,1
Rallus elegans,"1, 3",1,1
Rallus limicola,1,1,"3, 1"
Rallus longirostris,1,1,1
Rallus tenuirostris,1,1,1
Ramphastos ambiguus,1,1,1
Ramphastos ariel,1,1,1
Ramphastos brevis,1,1,1
Ramphastos citreolaemus,1,1,1
Ramphastos culminatus,1,1,1
Ramphastos cuvieri,1,1,1
Ramphastos dicolorus,1,1,1
Ramphastos sulfuratus,1,1,1
Ramphastos toco,1,1,1
Ramphastos tucanus,1,1,1
Ramphastos vitellinus,1,1,1
Ramphocaenus melanurus,1,1,1
Ramphocelus bresilius,1,1,1
Ramphocelus carbo,1,1,1
Ramphocelus costaricensis,1,1,1
Ramphocelus dimidiatus,1,1,1
Ramphocelus icteronotus,1,1,1
Ramphocelus melanogaster,1,1,1
Ramphocelus nigrogularis,1,1,1
Ramphocelus passerinii,1,1,1
Ramphocelus sanguinolentus,1,1,1
Ramphodon naevius,1,1,1
Ramphomicron microrhynchum,1,1,1
Ramphotrigon fuscicauda,1,1,1
Ramphotrigon megacephalum,1,1,1
Ramphotrigon ruficauda,1,1,1
Recurvirostra americana,1,1,"4, 1, 3"
Regulus calendula,1,1,3
Regulus satrapa,1,1,"3, 1"
Rhea americana,1,1,1
Rhegmatorhina berlepschi,1,1,1
Rhegmatorhina cristata,1,1,1
Rhegmatorhina gymnops,1,1,1
Rhegmatorhina hoffmannsi,1,1,1
Rhegmatorhina melanosticta,1,1,1
Rhodinocichla rosea,1,1,1
Rhodospingus cruentus,1,1,1
Rhopias gularis,1,1,1
Rhopornis ardesiacus,1,1,1
Rhopospina fruticeti,1,1,1
Rhynchocyclus aequinoctialis,1,1,1
Rhynchocyclus brevirostris,1,1,1
Rhynchocyclus fulvipectus,1,1,1
Rhynchocyclus olivaceus,1,1,1
Rhynchocyclus pacificus,1,1,1
Rhynchopsitta terrisi,1,1,3
Rhynchortyx cinctus,1,1,1
Rhynchotus maculicollis,1,1,1
Rhynchotus rufescens,1,1,1
Rhytipterna holerythra,1,1,1
Rhytipterna immunda,1,1,1
Rhytipterna simplex,1,1,1
Ridgwayia pinicola,1,1,1
Riparia riparia,1,1,"3, 4"
Rollandia rolland,1,1,1
Roraimia adusta,1,1,1
Rostrhamus sociabilis,1,1,"2, 1"
Rufirallus castaneiceps,1,1,1
Rufirallus viridis,1,1,1
Rupicola peruvianus,1,1,1
Rupicola rupicola,1,1,1
Rupornis magnirostris,1,1,1
Rynchops niger,1,1,"3, 4, 2, 1"
Sakesphorus canadensis,1,1,1
Sakesphorus cristatus,1,1,1
Sakesphorus luctuosus,1,1,1
Sakesphorus pulchellus,1,1,1
Salpinctes obsoletus,1,1,1
Saltator atriceps,1,1,1
Saltator atricollis,1,1,1
Saltator atripennis,1,1,1
Saltator aurantiirostris,1,1,1
Saltator cinctus,1,1,1
Saltator coerulescens,1,1,1
Saltator fuliginosus,1,1,1
Saltator grandis,1,1,1
Saltator grossus,1,1,1
Saltator maxillosus,1,1,1
Saltator maximus,1,1,1
Saltator olivascens,1,1,1
Saltator orenocensis,1,1,1
Saltator similis,1,1,1
Saltator striatipectus,1,1,1
Sapayoa aenigma,1,1,1
Sarcoramphus papa,"4, 1",1,1
Sarkidiornis sylvicola,1,1,1
Satrapa icterophrys,1,1,"1, 3"
Sayornis nigricans,1,1,"1, 4"
Sayornis phoebe,1,1,3
Sayornis saya,1,1,3
Schiffornis aenea,1,1,1
Schiffornis major,1,1,1
Schiffornis olivacea,1,1,1
Schiffornis stenorhyncha,1,1,1
Schiffornis turdina,1,1,1
Schiffornis veraepacis,1,1,1
Schiffornis virescens,1,1,1
Schistes albogularis,1,1,1
Schistes geoffroyi,1,1,1
Schistochlamys melanopis,1,1,1
Schistochlamys ruficapillus,1,1,1
Schoeniophylax phryganophilus,1,1,1
Sciaphylax castanea,1,1,1
Sciaphylax hemimelaena,1,1,1
Sclateria naevia,"3, 1",1,1
Sclerurus albigularis,1,1,1
Sclerurus caudacutus,1,1,1
Sclerurus cearensis,1,1,1
Sclerurus guatemalensis,1,1,1
Sclerurus mexicanus,1,1,1
Sclerurus rufigularis,1,1,1
Sclerurus scansor,1,1,1
Scytalopus acutirostris,1,1,1
Scytalopus altirostris,1,1,1
Scytalopus alvarezlopezi,1,1,1
Scytalopus argentifrons,1,1,1
Scytalopus atratus,1,1,1
Scytalopus bolivianus,1,1,1
Scytalopus chocoensis,1,1,1
Scytalopus femoralis,1,1,1
Scytalopus gonzagai,1,1,1
Scytalopus griseicollis,3,1,1
Scytalopus iraiensis,1,1,1
Scytalopus latrans,1,1,1
Scytalopus macropus,1,1,1
Scytalopus meridanus,1,1,1
Scytalopus micropterus,1,1,1
Scytalopus novacapitalis,1,1,1
Scytalopus pachecoi,1,1,1
Scytalopus panamensis,"1, 3",1,1
Scytalopus parvirostris,1,1,1
Scytalopus petrophilus,1,1,1
Scytalopus schulenbergi,1,1,1
Scytalopus simonsi,1,1,1
Scytalopus speluncae,1,1,1
Scytalopus urubambae,3,1,1
Scytalopus vicinior,1,1,1
Seiurus aurocapilla,1,1,3
Selasphorus ardens,"3, 1",1,1
Selasphorus flammula,1,1,1
Selasphorus platycercus,1,1,1
Selasphorus rufus,1,1,3
Selasphorus sasin,1,1,4
Selasphorus scintilla,1,1,1
Selenidera gouldii,1,1,1
Selenidera langsdorffii,1,1,1
Selenidera maculirostris,1,1,1
Selenidera nattereri,1,1,1
Selenidera piperivora,1,1,1
Selenidera reinwardtii,1,1,1
Selenidera spectabilis,1,1,1
Semnornis frantzii,1,1,1
Semnornis ramphastinus,1,1,1
Sericossypha albocristata,1,1,1
Serpophaga cinerea,1,1,1
Serpophaga griseicapilla,1,1,3
Serpophaga hypoleuca,1,1,1
Serpophaga nigricans,1,1,1
Serpophaga subcristata,1,1,"1, 3"
Setopagis heterura,1,1,1
Setopagis maculosa,3,1,5
Setopagis parvula,1,1,1
Setopagis whitelyi,1,1,1
Setophaga americana,1,1,"4, 3"
Setophaga auduboni,1,1,"1, 3"
Setophaga caerulescens,1,1,3
Setophaga castanea,1,1,"3, 4"
Setophaga cerulea,1,1,"3, 4"
Setophaga chrysoparia,1,1,"3, 4"
Setophaga citrina,1,1,"3, 4"
Setophaga coronata,1,1,3
Setophaga discolor,1,1,3
Setophaga dominica,1,1,"4, 3"
Setophaga fusca,1,1,"4, 3"
Setophaga graciae,1,1,"1, 3"
Setophaga magnolia,1,1,"3, 4"
Setophaga nigrescens,1,1,3
Setophaga occidentalis,1,1,3
Setophaga palmarum,1,1,3
Setophaga pensylvanica,1,1,"4, 3"
Setophaga petechia,1,1,"4, 1, 3"
Setophaga pitiayumi,1,1,"2, 1"
Setophaga ruticilla,1,1,"4, 3"
Setophaga striata,1,1,"4, 3"
Setophaga tigrina,1,1,3
Setophaga townsendi,1,1,3
Setophaga virens,1,1,"3, 4"
Sialia currucoides,1,1,3
Sialia mexicana,1,1,1
Sialia sialis,1,1,"3, 1"
Sicalis citrina,1,1,1
Sicalis columbiana,1,1,1
Sicalis flaveola,1,"3, 1",1
Sicalis luteola,1,1,"1, 3"
Sicalis olivascens,1,1,1
Sicalis uropigyalis,1,1,1
Silvicultrix diadema,1,1,1
Silvicultrix frontalis,1,1,1
Silvicultrix jelskii,1,1,1
Silvicultrix pulchella,1,1,1
Sipia berlepschi,1,1,1
Sipia laemosticta,1,1,1
Sipia nigricauda,1,1,1
Sipia palliata,1,1,1
Sirystes albocinereus,1,1,1
Sirystes albogriseus,1,1,1
Sirystes sibilator,1,1,1
Sirystes subcanescens,1,1,1
Sitta carolinensis,1,1,1
Sitta pygmaea,1,1,1
Sittasomus griseicapillus,1,1,1
Sittasomus griseus,1,1,1
Snowornis cryptolophus,1,1,1
Snowornis subalaris,1,1,1
Spatula clypeata,1,1,3
Spatula cyanoptera,1,1,"1, 3"
Spatula discors,1,1,"4, 3"
Spatula platalea,1,1,1
Spatula puna,1,1,1
Spatula versicolor,1,1,"3, 1"
Spheniscus magellanicus,1,1,3
Sphenopsis frontalis,1,1,1
Sphenopsis melanotis,1,1,1
Sphyrapicus nuchalis,1,1,3
Sphyrapicus varius,1,1,3
Spindalis zena,1,1,1
Spinus atratus,1,1,1
Spinus atriceps,1,1,1
Spinus cucullatus,"4, 1",1,1
Spinus magellanicus,1,1,1
Spinus notatus,1,1,1
Spinus olivaceus,1,1,1
Spinus pinus,1,1,"1, 3"
Spinus psaltria,1,1,"3, 1"
Spinus siemiradzkii,"4, 1",1,1
Spinus spinescens,1,1,1
Spinus tristis,1,1,3
Spinus xanthogastrus,1,1,1
Spinus yarrellii,"1, 4, 3",1,1
Spiza americana,1,1,"4, 3"
Spizaetus isidori,1,1,1
Spizaetus melanoleucus,1,1,1
Spizaetus ornatus,1,1,1
Spizaetus tyrannus,1,1,1
Spizella atrogularis,1,1,1
Spizella breweri,1,1,3
Spizella pallida,1,1,3
Spizella passerina,1,1,"3, 1"
Spizella pusilla,1,1,3
Spizella wortheni,3,1,1
Spodiornis rusticus,1,1,1
Sporathraupis cyanocephala,1,1,1
Sporophila albogularis,1,1,1
Sporophila americana,1,1,1
Sporophila angolensis,1,1,1
Sporophila ardesiaca,1,1,1
Sporophila atrirostris,1,1,1
Sporophila beltoni,"1, 5",1,"3, 2, 4"
Sporophila bouvreuil,1,1,1
Sporophila bouvronides,1,1,"3, 1"
Sporophila caerulescens,1,1,"1, 2, 3"
Sporophila castaneiventris,1,1,1
Sporophila cinnamomea,1,1,"4, 3, 2"
Sporophila collaris,1,1,1
Sporophila corvina,1,1,1
Sporophila crassirostris,1,1,1
Sporophila falcirostris,1,1,1
Sporophila fringilloides,1,1,1
Sporophila frontalis,"3, 1, 4",1,1
Sporophila funerea,1,1,1
Sporophila hypochroma,1,1,3
Sporophila hypoxantha,1,1,"1, 3"
Sporophila intermedia,1,1,1
Sporophila leucoptera,1,1,1
Sporophila lineola,1,1,"2, 1, 3"
Sporophila luctuosa,1,1,"3, 1"
Sporophila maximiliani,"5, 4, 1, 3",1,1
Sporophila melanogaster,1,1,"3, 2"
Sporophila minuta,1,1,1
Sporophila morelleti,1,1,1
Sporophila murallae,1,1,1
Sporophila nigricollis,1,1,1
Sporophila nigrorufa,"1, 3",1,"3, 2, 1"
Sporophila nuttingi,1,1,1
Sporophila ophthalmica,1,1,1
Sporophila palustris,1,1,"3, 4"
Sporophila peruviana,1,1,1
Sporophila pileata,1,1,1
Sporophila plumbea,1,1,1
Sporophila ruficollis,1,1,"2, 3"
Sporophila simplex,1,1,1
Sporophila telasco,1,1,1
Sporophila torqueola,1,1,1
Steatornis caripensis,1,1,1
Steganopus tricolor,1,1,"4, 3"
Stelgidopteryx ridgwayi,1,1,1
Stelgidopteryx ruficollis,1,1,"1, 2"
Stelgidopteryx serripennis,1,1,"1, 3, 4"
Stephanophorus diadematus,1,1,1
Stephanoxis lalandi,1,1,1
Stephanoxis loddigesii,1,1,1
Stercorarius parasiticus,1,1,3
Sterna dougallii,1,1,"3, 2"
Sterna forsteri,1,1,"3, 4"
Sterna hirundinacea,1,1,"3, 1"
Sterna hirundo,1,1,3
Sterna trudeaui,1,1,1
Sterna vittata,1,1,3
Sternoclyta cyanopectus,1,1,1
Sternula antillarum,1,1,"4, 3, 2"
Sternula lorata,1,1,3
Sternula superciliaris,1,1,1
Stigmatura bahiae,1,1,1
Stigmatura budytoides,1,1,1
Stigmatura napensis,1,1,1
Streptoprocne biscutata,1,1,"1, 3"
Streptoprocne phelpsi,1,1,1
Streptoprocne rutila,1,1,1
Streptoprocne semicollaris,1,1,1
Streptoprocne zonaris,1,1,1
Strix fulvescens,1,1,1
Strix hylophila,1,1,1
Strix varia,1,1,1
Sturnella magna,1,1,"1, 4"
Sturnella neglecta,1,1,3
Sturnus vulgaris,1,3,3
Sublegatus arenarum,1,1,1
Sublegatus modestus,1,1,"1, 3"
Sublegatus obscurior,1,1,1
Suiriri suiriri,1,1,"1, 3"
Sula dactylatra,1,1,"4, 1"
Sula granti,1,1,1
Sula leucogaster,1,1,"3, 2, 1"
Sula nebouxii,1,1,1
Sula sula,1,1,1
Sula variegata,1,1,3
Sylviorthorhynchus yanacensis,1,1,1
Synallaxis albescens,1,1,1
Synallaxis albigularis,1,1,1
Synallaxis azarae,1,1,1
Synallaxis beverlyae,"1, 3",1,1
Synallaxis brachyura,1,1,1
Synallaxis cabanisi,1,1,1
Synallaxis candei,1,1,1
Synallaxis cherriei,1,1,1
Synallaxis cinerascens,1,1,1
Synallaxis cinerea,1,1,1
Synallaxis cinnamomea,1,1,1
Synallaxis erythrothorax,1,1,1
Synallaxis frontalis,1,1,1
Synallaxis gujanensis,1,1,1
Synallaxis hellmayri,1,1,1
Synallaxis hypospodia,1,1,1
Synallaxis infuscata,"4, 3, 1",1,1
Synallaxis macconnelli,1,1,1
Synallaxis moesta,1,1,1
Synallaxis ruficapilla,1,1,1
Synallaxis rutilans,1,1,1
Synallaxis scutata,1,1,1
Synallaxis simoni,1,1,1
Synallaxis spixi,1,1,1
Synallaxis stictothorax,1,1,1
Synallaxis tithys,"4, 1",1,1
Synallaxis unirufa,1,1,1
Syndactyla dimidiata,1,1,1
Syndactyla roraimae,1,1,1
Syndactyla rufosuperciliata,1,1,1
Syndactyla striata,1,1,1
Syndactyla subalaris,1,1,1
Syndactyla ucayalae,1,1,1
Syrigma sibilatrix,1,1,1
Systellura longirostris,1,1,1
Systellura roraimae,1,1,1
Tachornis furcata,1,1,1
Tachornis squamata,1,1,1
Tachuris rubrigastra,1,1,3
Tachybaptus dominicus,1,1,"1, 2"
Tachycineta albilinea,1,1,1
Tachycineta albiventer,1,1,"1, 2"
Tachycineta bicolor,1,1,"4, 3"
Tachycineta leucorrhoa,1,1,"1, 3"
Tachycineta meyeni,1,1,3
Tachycineta thalassina,1,1,"1, 3"
Tachyphonus coronatus,1,1,1
Tachyphonus phoenicius,1,1,1
Tachyphonus rufus,1,1,1
Taeniotriccus andrei,1,1,1
Tangara abbas,1,1,1
Tangara argentea,1,1,1
Tangara argyrofenges,1,1,1
Tangara arthus,1,1,1
Tangara atrocoerulea,1,1,1
Tangara aurulenta,1,1,1
Tangara brasiliensis,1,1,1
Tangara cabanisi,1,1,1
Tangara callophrys,1,1,1
Tangara cayana,1,1,1
Tangara chilensis,1,1,1
Tangara chrysotis,1,1,1
Tangara cyanicollis,1,1,1
Tangara cyanocephala,1,1,1
Tangara cyanomelas,1,1,1
Tangara cyanoptera,1,1,1
Tangara cyanotis,1,1,1
Tangara cyanoventris,1,1,1
Tangara desmaresti,1,1,1
Tangara dowii,1,1,1
Tangara episcopus,1,1,1
Tangara fastuosa,"4, 1",1,1
Tangara flava,1,1,1
Tangara florida,1,1,1
Tangara fucosa,1,1,1
Tangara fulvicervix,1,1,1
Tangara glaucocolpa,1,1,1
Tangara guttata,1,1,1
Tangara gyrola,1,1,1
Tangara heinei,1,1,1
Tangara icterocephala,1,1,1
Tangara inornata,1,1,1
Tangara johannae,1,1,1
Tangara labradorides,1,1,1
Tangara larvata,1,1,1
Tangara lavinia,1,1,1
Tangara lunigera,1,1,1
Tangara mexicana,1,1,1
Tangara nigrocincta,1,1,1
Tangara nigroviridis,1,1,1
Tangara ornata,1,1,1
Tangara palmarum,1,1,1
Tangara palmeri,1,1,1
Tangara parzudakii,1,1,1
Tangara peruviana,"1, 4",1,"3, 1"
Tangara phillipsi,1,1,1
Tangara preciosa,1,1,1
Tangara punctata,1,1,1
Tangara ruficervix,1,1,1
Tangara rufigula,1,1,1
Tangara sayaca,1,1,"3, 1"
Tangara schrankii,1,1,1
Tangara seledon,1,1,1
Tangara varia,1,1,1
Tangara vassorii,1,1,1
Tangara velia,1,1,1
Tangara viridicollis,1,1,1
Tangara vitriolina,1,1,1
Tangara whitelyi,1,1,1
Tangara xanthocephala,1,1,1
Tangara xanthogastra,1,1,1
Taoniscus nanus,"1, 3",1,1
Tapera naevia,1,1,1
Taphrospilus hypostictus,1,1,1
Taraba major,1,1,1
Terenotriccus erythrurus,1,1,1
Terenura maculata,1,1,1
Terenura sicki,1,1,1
Tersina viridis,1,1,1
Thalassarche chlororhynchos,1,1,1
Thalassarche melanophris,1,1,1
Thalassarche salvini,1,1,1
Thalasseus elegans,1,1,3
Thalasseus maximus,1,1,"1, 3"
Thalasseus sandvicensis,1,1,"3, 1"
Thalurania colombica,1,1,1
Thalurania furcata,1,1,1
Thalurania glaucopis,1,1,1
Thalurania watertonii,"3, 1",1,1
Thamnistes aequatorialis,1,1,1
Thamnistes anabatinus,1,1,1
Thamnomanes ardesiacus,1,1,1
Thamnomanes caesius,1,1,1
Thamnomanes saturninus,1,1,1
Thamnomanes schistogynus,1,1,1
Thamnophilus aethiops,1,1,1
Thamnophilus amazonicus,1,1,1
Thamnophilus ambiguus,1,1,1
Thamnophilus aroyae,1,1,1
Thamnophilus atrinucha,1,1,1
Thamnophilus bernardi,1,1,1
Thamnophilus bridgesi,1,1,1
Thamnophilus caerulescens,1,1,1
Thamnophilus cryptoleucus,1,1,1
Thamnophilus divisorius,1,1,1
Thamnophilus doliatus,1,1,1
Thamnophilus insignis,1,1,1
Thamnophilus melanonotus,1,1,1
Thamnophilus melanothorax,"1, 3",1,1
Thamnophilus multistriatus,1,1,1
Thamnophilus murinus,1,1,1
Thamnophilus nigriceps,1,1,1
Thamnophilus nigrocinereus,1,1,1
Thamnophilus palliatus,1,1,1
Thamnophilus pelzelni,1,1,1
Thamnophilus praecox,"1, 3",1,1
Thamnophilus punctatus,1,1,1
Thamnophilus ruficapillus,1,1,1
Thamnophilus schistaceus,1,1,1
Thamnophilus stictocephalus,1,1,1
Thamnophilus sticturus,1,1,1
Thamnophilus subfasciatus,1,1,1
Thamnophilus tenuepunctatus,1,1,1
Thamnophilus torquatus,1,1,1
Thamnophilus unicolor,1,1,1
Theristicus branickii,1,1,1
Theristicus caerulescens,1,1,1
Theristicus caudatus,1,1,1
Thinocorus orbignyianus,1,1,1
Thinocorus rumicivorus,1,1,1
Thlypopsis fulviceps,1,1,1
Thlypopsis ornata,1,1,1
Thlypopsis pectoralis,1,1,1
Thlypopsis pyrrhocoma,1,1,1
Thlypopsis ruficeps,1,1,1
Thlypopsis sordida,1,1,1
Thlypopsis superciliaris,1,1,1
Threnetes leucurus,"3, 1",1,1
Threnetes niger,1,1,1
Threnetes ruckeri,1,1,1
Thripadectes flammulatus,1,1,1
Thripadectes holostictus,1,1,1
Thripadectes ignobilis,1,1,1
Thripadectes melanorhynchus,1,1,1
Thripadectes rufobrunneus,1,1,1
Thripadectes scrutator,1,1,1
Thripadectes virgaticeps,1,1,1
Thripophaga cherriei,1,1,1
Thripophaga fusciceps,1,1,1
Thripophaga gutturata,1,1,1
Thripophaga macroura,"1, 4",1,1
Thryomanes bewickii,1,1,1
Thryophilus pleurostictus,1,1,1
Thryophilus rufalbus,1,1,1
Thryorchilus browni,1,1,1
Thryothorus albinucha,1,1,1
Thryothorus ludovicianus,1,1,1
Tiaris olivaceus,1,1,1
Tigrisoma fasciatum,1,1,1
Tigrisoma lineatum,1,1,1
Tigrisoma mexicanum,1,1,1
Tilmatura dupontii,1,1,1
Tinamotis pentlandii,1,1,1
Tinamus guttatus,1,1,1
Tinamus major,1,1,1
Tinamus osgoodi,1,1,1
Tinamus solitarius,1,1,1
Tinamus tao,"3, 1",1,1
Tityra braziliensis,1,1,1
Tityra cayana,1,1,1
Tityra inquisitor,1,1,1
Tityra leucura,1,1,1
Tityra semifasciata,1,1,1
Todirostrum chrysocrotaphum,1,1,1
Todirostrum cinereum,1,1,1
Todirostrum maculatum,1,1,1
Todirostrum nigriceps,1,1,1
Todirostrum pictum,1,1,1
Todirostrum poliocephalum,1,1,1
Todirostrum viridanum,1,1,1
Tolmomyias assimilis,1,1,1
Tolmomyias flaviventris,1,1,1
Tolmomyias flavotectus,1,1,1
Tolmomyias poliocephalus,1,1,1
Tolmomyias sulphurescens,1,1,1
Tolmomyias traylori,1,1,1
Tolmomyias viridiceps,1,1,1
Topaza pella,1,1,1
Topaza pyra,1,1,1
Touit batavicus,1,1,1
Touit costaricensis,1,1,"2, 3, 1"
Touit dilectissimus,1,1,1
Touit huetii,1,1,1
Touit melanonotus,"1, 3",1,1
Touit purpuratus,1,1,1
Touit stictopterus,"1, 3",1,1
Touit surdus,1,1,1
Toxostoma crissale,1,1,1
Toxostoma curvirostre,1,1,1
Toxostoma guttatum,"1, 4, 3",1,1
Toxostoma longirostre,1,1,1
Toxostoma ocellatum,1,1,1
Trichothraupis melanops,1,1,1
Triclaria malachitacea,"1, 4",1,1
Tringa flavipes,1,1,3
Tringa incana,1,1,3
Tringa melanoleuca,1,1,"4, 3"
Tringa semipalmata,1,1,"3, 1"
Tringa solitaria,1,1,"3, 4"
Troglodytes aedon,1,1,"1, 3"
Troglodytes beani,1,1,1
Troglodytes ochraceus,1,1,1
Troglodytes rufociliatus,1,1,1
Troglodytes rufulus,1,1,1
Troglodytes solstitialis,1,1,1
Trogon ambiguus,1,1,1
Trogon aurantius,1,1,1
Trogon bairdii,1,1,1
Trogon chionurus,1,1,1
Trogon citreolus,1,1,1
Trogon clathratus,1,1,1
Trogon collaris,1,1,1
Trogon comptus,1,1,1
Trogon curucui,1,1,1
Trogon elegans,1,1,1
Trogon massena,1,1,1
Trogon melanocephalus,1,1,1
Trogon melanurus,1,1,1
Trogon mesurus,1,1,1
Trogon mexicanus,1,1,1
Trogon personatus,1,1,1
Trogon rufus,1,1,1
Trogon surrucura,1,1,1
Trogon violaceus,1,1,1
Trogon viridis,1,1,1
Tunchiornis luteifrons,1,1,1
Tunchiornis ochraceiceps,1,1,1
Turdus albicollis,1,1,1
Turdus amaurochalinus,1,1,"3, 1"
Turdus arthuri,1,1,1
Turdus assimilis,1,1,1
Turdus debilis,1,1,1
Turdus flavipes,1,1,"1, 2"
Turdus fulviventris,1,1,1
Turdus fumigatus,1,1,1
Turdus fuscater,1,1,1
Turdus grayi,1,1,1
Turdus haplochrous,1,1,1
Turdus hauxwelli,1,1,1
Turdus ignobilis,1,1,1
Turdus infuscatus,1,1,1
Turdus lawrencii,1,1,1
Turdus leucomelas,1,1,1
Turdus leucops,1,1,1
Turdus maculirostris,1,1,1
Turdus migratorius,1,1,"1, 3"
Turdus nigrescens,1,1,1
Turdus nigriceps,1,1,"3, 1"
Turdus nudigenis,1,1,1
Turdus obsoletus,1,1,1
Turdus olivater,1,1,1
Turdus plebejus,1,1,1
Turdus reevei,1,1,1
Turdus rufitorques,1,1,1
Turdus rufiventris,1,1,1
Turdus rufopalliatus,1,1,1
Turdus sanchezorum,1,1,1
Turdus serranus,1,1,1
Turdus subalaris,1,1,"3, 2"
Tyranneutes stolzmanni,1,1,1
Tyranneutes virescens,1,1,1
Tyrannopsis sulphurea,1,1,1
Tyrannulus elatus,1,1,1
Tyrannus albogularis,1,1,"4, 1, 3"
Tyrannus couchii,1,1,1
Tyrannus crassirostris,1,1,3
Tyrannus dominicensis,1,1,"4, 3"
Tyrannus forficatus,1,1,"4, 2, 3"
Tyrannus melancholicus,1,1,1
Tyrannus niveigularis,1,1,"3, 1"
Tyrannus savana,1,1,"2, 3, 1"
Tyrannus tyrannus,1,1,"4, 3"
Tyrannus verticalis,1,1,"3, 4"
Tyrannus vociferans,1,1,"1, 3"
Tyto alba,1,1,1
Upucerthia dumetaria,1,1,1
Upucerthia validirostris,1,1,1
Urochroa bougueri,1,1,1
Urochroa leucura,1,1,1
Uromyias agraphia,1,1,1
Uropelia campestris,1,1,1
Uropsalis lyra,1,1,1
Uropsalis segmentata,1,1,1
Uropsila leucogastra,1,1,1
Urosticte benjamini,1,1,1
Urosticte ruficrissa,1,1,1
Vanellus chilensis,1,1,1
Vanellus resplendens,1,1,1
Veniliornis affinis,1,1,1
Veniliornis callonotus,1,1,1
Veniliornis cassini,1,1,1
Veniliornis chocoensis,1,1,1
Veniliornis dignus,1,1,1
Veniliornis frontalis,1,1,1
Veniliornis kirkii,1,1,1
Veniliornis lignarius,1,1,1
Veniliornis maculifrons,1,1,1
Veniliornis mixtus,"1, 3",1,1
Veniliornis nigriceps,1,1,1
Veniliornis passerinus,1,1,1
Veniliornis sanguineus,1,1,1
Veniliornis spilogaster,1,1,1
Vermivora chrysoptera,1,1,"3, 4"
Vermivora cyanoptera,1,1,"4, 3"
Vireo altiloquus,1,1,"3, 4"
Vireo atricapilla,1,1,"2, 4"
Vireo bairdi,1,1,1
Vireo bellii,1,1,"4, 3"
Vireo brevipennis,1,1,1
Vireo carmioli,1,1,1
Vireo cassinii,1,1,3
Vireo chivi,1,1,"2, 1"
Vireo flavifrons,1,1,"3, 4"
Vireo flavoviridis,1,1,"4, 2, 3"
Vireo gilvus,1,1,"3, 4"
Vireo griseus,1,1,"3, 1"
Vireo huttoni,1,1,1
Vireo leucophrys,1,1,1
Vireo magister,1,1,1
Vireo masteri,1,1,1
Vireo nelsoni,1,1,1
Vireo olivaceus,1,1,"3, 4"
Vireo pallens,1,1,1
Vireo philadelphicus,1,1,"3, 4"
Vireo plumbeus,1,1,"1, 4"
Vireo sclateri,1,1,1
Vireo solitarius,1,1,3
Vireolanius eximius,1,1,1
Vireolanius leucotis,1,1,1
Vireolanius melitophrys,1,1,1
Vireolanius mikettae,1,1,1
Vireolanius pulchellus,1,1,1
Volatinia jacarina,1,1,1
Vultur gryphus,1,1,1
Wetmorethraupis sterrhopteron,"1, 3",1,1
Willisornis nigrigula,1,1,1
Willisornis poecilinotus,1,1,1
Willisornis vidua,1,1,1
Xanthocephalus xanthocephalus,1,1,"4, 3"
Xanthopsar flavus,1,1,1
Xema sabini,1,1,"4, 3"
Xenerpestes minlosi,1,1,1
Xenerpestes singularis,1,1,1
Xenodacnis parina,1,1,1
Xenopipo atronitens,1,1,1
Xenopipo uniformis,1,1,1
Xenops genibarbis,1,1,1
Xenops minutus,1,1,1
Xenops rutilus,1,1,1
Xenops tenuirostris,1,1,1
Xenopsaris albinucha,1,1,1
Xenornis setifrons,"1, 3",1,1
Xenotriccus callizonus,"3, 1",1,1
Xiphocolaptes albicollis,1,1,1
Xiphocolaptes major,1,1,1
Xiphocolaptes promeropirhynchus,"1, 3",1,1
Xipholena atropurpurea,"3, 4, 1",1,1
Xipholena lamellipennis,1,1,1
Xipholena punicea,1,1,1
Xiphorhynchus aequatorialis,1,1,1
Xiphorhynchus atlanticus,1,1,1
Xiphorhynchus beauperthuysii,1,1,1
Xiphorhynchus chunchotambo,1,1,1
Xiphorhynchus elegans,1,1,1
Xiphorhynchus erythropygius,1,1,1
Xiphorhynchus flavigaster,1,1,1
Xiphorhynchus fuscus,1,1,1
Xiphorhynchus guttatoides,1,1,1
Xiphorhynchus guttatus,1,1,1
Xiphorhynchus lachrymosus,1,1,1
Xiphorhynchus obsoletus,1,1,1
Xiphorhynchus ocellatus,1,1,1
Xiphorhynchus pardalotus,1,1,1
Xiphorhynchus spixii,1,1,1
Xiphorhynchus susurrans,1,1,1
Xiphorhynchus triangularis,1,1,1
Xolmis cinereus,1,1,1
Xolmis coronatus,1,1,3
Xolmis dominicanus,1,1,1
Xolmis irupero,1,1,1
Xolmis velatus,1,1,1
Zaratornis stresemanni,1,1,"2, 3, 1"
Zebrilus undulatus,1,1,1
Zeledonia coronata,1,1,1
Zenaida asiatica,1,1,"3, 1"
Zenaida auriculata,1,1,1
Zenaida aurita,1,1,1
Zenaida macroura,1,1,"4, 1, 3"
Zenaida meloda,1,1,1
Zentrygon albifacies,1,1,1
Zentrygon chiriquensis,1,1,1
Zentrygon costaricensis,1,1,1
Zentrygon frenata,1,1,1
Zentrygon goldmani,1,1,1
Zentrygon lawrencii,1,1,1
Zentrygon linearis,1,1,1
Zimmerius acer,1,1,1
Zimmerius albigularis,1,1,1
Zimmerius bolivianus,1,1,1
Zimmerius chicomendesi,"3, 1",1,1
Zimmerius chrysops,1,1,1
Zimmerius cinereicapilla,1,1,1
Zimmerius gracilipes,1,1,1
Zimmerius parvus,1,1,1
Zimmerius vilissimus,1,1,1
Zimmerius villarejoi,1,1,1
Zimmerius viridiflavus,1,1,1
Zonotrichia albicollis,1,1,3
Zonotrichia capensis,1,1,1
Zonotrichia leucophrys,1,1,3
